Sno,Id,name,Is_auto_billing_on,Is_paytm_first,Is_postpaid,postpaid_outstanding,postpaid_amount_given,time
0,a4a0327847,barjraj,1,0,0,0,2842,1541395139.6714413
1,a4a033ea47,ramdin verma,1,0,1,1513,1176,1552116676.6714413
2,a4a0345847,sharat chandran,1,0,0,0,368,1541430058.6714413
3,a4a034a847,birender mandal,0,0,1,662,325,1550775276.6714413
4,a4a034f847,amit,1,0,1,1843,362,1546450712.6714413
5,a4a0354847,kushal,1,1,0,0,2351,1549761428.6714413
6,a4a0358e47,kasid,1,0,1,3984,469,1546745823.6714413
7,a4a035de47,shiv prakash,0,1,1,410,2148,1552046232.6714413
8,a4a0362447,vikram singh,1,0,0,0,616,1538475527.6714413
9,a4a0366a47,sanjay,0,0,0,0,2257,1552674258.6714413
10,a4a036ba47,abhi,1,0,0,0,2040,1551421245.6714413
11,a4a0370047,ram dutt gupta,0,1,1,3685,736,1548903355.6714413
12,a4a0374647,khadak singh,0,1,0,0,465,1544691611.6714413
13,a4a0378c47,gurmit singh,0,1,1,3943,1960,1552202804.6714413
14,a4a037d247,chanderpal,1,0,0,0,929,1551354220.6714413
15,a4a0381847,aman,0,0,0,0,2127,1541019354.6714413
16,a4a0385e47,khursid,0,0,1,4129,2902,1542815794.6714413
17,a4a038a447,rajeev,1,0,1,4561,685,1545712553.6714413
18,a4a038ea47,durgesh,1,0,0,0,1393,1548218641.6714413
19,a4a0393047,nahar singh,0,0,0,0,1891,1551836330.6714413
20,a4a0397647,ram kumar,0,0,0,0,1222,1546904296.6714413
21,a4a039bc47,sunder paal,1,1,1,2036,2247,1544776414.6714413
22,a4a03a0247,maansingh aswal,1,0,0,0,2501,1552470696.6714413
23,a4a03a4847,rohit,0,1,1,4932,2500,1547838651.6714413
24,a4a03a8e47,rohit,0,1,1,360,1412,1547973557.6714413
25,a4a03ad447,sparsh,1,0,1,2333,2791,1538316493.6714413
26,a4a03b1a47,santosh,0,1,0,0,1226,1539659335.6714413
27,a4a03b6a47,santosh,0,0,0,0,1583,1538898997.6714413
28,a4a03bb047,punit khandelwal,1,0,0,0,2704,1551663637.6714413
29,a4a03bf647,dinesh,1,0,0,0,816,1540591640.6714413
30,a4a03c3c47,gulshan,0,0,0,0,2082,1542344161.6714413
31,a4a03c8247,arvind kumar yadav,0,0,0,0,1504,1549374509.6714413
32,a4a03cc847,nausad,0,0,0,0,1204,1545225854.6714413
33,a4a03d0e47,gurmit singh,0,0,1,2557,1535,1541217393.6714413
34,a4a03d5447,md. afsar,0,0,0,0,952,1542146419.6714413
35,a4a03d9a47,shiv shakti singh,0,1,0,0,2276,1539365476.6714413
36,a4a03de047,moti lal,0,0,1,1219,185,1546842684.6714413
37,a4a03e2647,kausal kumar,0,1,1,3502,2061,1538050103.6714413
38,a4a03e6c47,rohit,1,0,1,1065,2018,1538032999.6714413
39,a4a03eb247,rohit,0,0,1,1139,349,1540397404.6714413
40,a4a03f0247,mohabbat ali,0,0,0,0,1197,1541051094.6714413
41,a4a03f4847,raj kumar,0,0,1,3694,1337,1545907917.6714413
42,a4a03f8e47,jaswant singh,0,0,0,0,1961,1545331788.6714413
43,a4a03fd447,sevak @ pitambar lal,1,1,0,0,2219,1552564594.6714413
44,a4a0401a47,chotelal,0,1,1,3026,2226,1548794789.6714413
45,a4a0406047,amit,0,0,1,4351,2968,1544793568.6714413
46,a4a040a647,rupesh,1,1,0,0,104,1551976588.6714413
47,a4a040ec47,midda,0,1,0,0,130,1543378110.6714413
48,a4a0413247,dharam singh,0,0,1,4450,2138,1544811931.6714413
49,a4a0417847,manoj yadav @ manoj,1,0,1,3399,2173,1546295631.6714413
50,a4a041be47,ram singh,0,1,1,4851,2671,1538080402.6714413
51,a4a0420447,preetam kumar,0,0,1,172,329,1550923997.6714413
52,a4a0424a47,ram kumar,0,0,0,0,774,1551492213.6714413
53,a4a0429047,sarain,0,0,1,142,2852,1551201086.6714413
54,a4a042d647,pankaj kumar,0,1,0,0,253,1537320850.6714413
55,a4a0432647,sheak shakir,0,1,0,0,2018,1546843114.6714413
56,a4a0436c47,riyasat ali,0,0,0,0,1401,1537661647.6714413
57,a4a043b247,vinit katariya,0,0,0,0,1640,1539085630.6714413
58,a4a043f847,sumit,1,1,0,0,1989,1551847652.6714413
59,a4a0443e47,arindra,0,0,1,846,1381,1549703098.6714413
60,a4a0448447,kali charan,1,0,1,2549,2567,1539600019.6714413
61,a4a044ca47,badshya khan,0,1,1,630,1107,1548655392.6714413
62,a4a0451047,vikash,0,0,0,0,999,1538517265.6714413
63,a4a0455647,devinder chadda,0,0,0,0,163,1537385421.6714413
64,a4a0459c47,aman,0,0,1,4105,2073,1538136319.6714413
65,a4a045e247,mohan singh,0,1,1,2252,2557,1548950100.6714413
66,a4a0463247,hemant,0,0,0,0,2463,1547612909.6714413
67,a4a0467847,shivam,0,1,0,0,336,1549201436.6714413
68,a4a046be47,yash mittal,0,0,1,709,1409,1537478275.6714413
69,a4a0470447,aakash,1,0,0,0,1826,1542099678.6714413
70,a4a0474a47,chandesh,0,1,0,0,1789,1546131537.6714413
71,a4a0479047,sumit mitra,0,1,0,0,2673,1539158363.6714413
72,a4a047d647,supriyal sen,0,0,0,0,136,1539490017.6714413
73,a4a0482647,gajender singh @ goldy,0,0,0,0,1846,1538898914.6714413
74,a4a0486c47,pooran chand sharma,0,0,0,0,1004,1548683765.6714413
75,a4a048b247,irfan,0,0,1,4458,155,1547698549.6714413
76,a4a048f847,azaruddin,1,0,1,4505,313,1543826193.6714413
77,a4a0494847,mukul yadav,1,0,1,4858,793,1552355631.6714413
78,a4a0498e47,pooran chand sharma,0,0,0,0,2746,1551687504.6714413
79,a4a049d447,manoj,1,0,0,0,1506,1544551525.6714413
80,a4a04a1a47,sanjay charee,0,0,0,0,998,1543740281.6714413
81,a4a04a6047,raja babu,1,1,1,4620,573,1542821707.6714413
82,a4a04aa647,pawan,0,0,1,3220,2555,1550678665.6714413
83,a4a04aec47,sandeep,1,0,0,0,1481,1552066321.6714413
84,a4a04b3247,rajkumar chawla,1,1,1,1700,2115,1546316732.6714413
85,a4a04b7847,parvesh,1,0,1,1938,2860,1543330247.6714413
86,a4a04bbe47,mohd ataullah,0,0,1,3470,844,1539400854.6714413
87,a4a04c0447,neeraj kumar,0,0,0,0,1214,1543835046.6714413
88,a4a04c4a47,jamil khan,0,0,1,4254,1321,1550890969.6714413
89,a4a04c9047,yogita,0,1,1,4340,888,1545822681.6714413
90,a4a04cd647,rijul aggarwal,0,0,1,1252,631,1538551973.6714413
91,a4a04d1c47,mohd shakib,1,0,0,0,2532,1547067318.6714413
92,a4a04d6247,rahul kumar,0,0,0,0,553,1548757459.6714413
93,a4a04da847,rajender,0,0,1,1647,1687,1543683361.6714413
94,a4a04dee47,suraj,1,0,0,0,1623,1548582658.6714413
95,a4a04e3447,rizwan,0,0,0,0,2252,1547812639.6714413
96,a4a04e7a47,sandeep,0,0,0,0,1704,1538953147.6714413
97,a4a04ec047,md mustafa,1,1,0,0,1840,1547059660.6714413
98,a4a04f0647,har parsad,0,0,0,0,640,1545473251.6714413
99,a4a04f4c47,deepak,0,0,0,0,1284,1539352873.6714413
100,a4a04f9247,rahul,0,0,0,0,605,1552625252.6714413
101,a4a04fd847,abhishekh,0,0,0,0,803,1542110975.6714413
102,a4a0501e47,shelender yadav,0,1,1,1619,2633,1547588000.6714413
103,a4a0506447,sanjay,1,0,1,3866,1652,1546977359.6714413
104,a4a050aa47,ankit,0,0,1,828,396,1537890400.6714413
105,a4a050fa47,mohd aakib,0,0,0,0,1006,1541084006.6714413
106,a4a0514047,surender singh chauhan,0,0,1,1717,1604,1539408042.6714413
107,a4a0518647,amit,1,1,1,671,552,1542527968.6714413
108,a4a051cc47,arjun,1,0,0,0,2527,1546783534.6714413
109,a4a0521247,rahul sharma,1,0,0,0,1431,1551203176.6714413
110,a4a0525847,keshar ansari,1,1,1,3414,779,1542950828.6714413
111,a4a0529e47,raju @ chhotu,0,0,0,0,172,1545734290.6714413
112,a4a052e447,kuldeep singh,0,0,1,4427,2675,1542557574.6714413
113,a4a0532a47,santlal@golu,0,0,1,2711,1957,1537310438.6714413
114,a4a0537047,lalit rana,0,0,0,0,2390,1549401337.6714413
115,a4a053b647,pulkit sharma,0,1,1,996,1735,1537560039.6714413
116,a4a053fc47,aman soni @ badal,1,0,1,2626,1211,1550888393.6714413
117,a4a0544247,jahoor ahmed meer,0,1,1,873,278,1546590969.6714413
118,a4a0548847,sumit,1,0,1,4966,1201,1541927988.6714413
119,a4a054ce47,tammanne,0,0,1,2446,2542,1545877929.6714413
120,a4a0551447,kailash kumar,0,1,1,3835,1656,1549502566.6714413
121,a4a0555a47,bhagwati prasad,0,0,0,0,2594,1547107197.6714413
122,a4a055a047,ajay,0,0,1,2783,2374,1547711260.6714413
123,a4a055e647,silender,0,1,0,0,2921,1547161711.6714413
124,a4a0562c47,deepak,1,0,0,0,1393,1552024731.6714413
125,a4a0567247,akhilesh,0,1,0,0,2374,1540452177.6714413
126,a4a056b847,dipendra kumar,0,0,1,2491,286,1548473996.6714413
127,a4a056fe47,nitin,0,1,1,4335,1044,1551820489.6714413
128,a4a0574e47,doodhnath pandit,1,0,1,3758,1397,1542075678.6714413
129,a4a0579447,aslam allam,1,0,1,2637,834,1537890529.6714413
130,a4a057da47,rahul,1,1,0,0,1049,1543572432.6714413
131,a4a0582047,jitender kumar,0,0,0,0,293,1547302703.6714413
132,a4a0586647,adnan,0,1,0,0,718,1539892724.6714413
133,a4a058ac47,vijay,0,0,1,4779,1268,1543888417.6714413
134,a4a058f247,yogesh,0,1,0,0,1185,1539037708.6714413
135,a4a0593847,kabir,1,0,0,0,2326,1538738208.6714413
136,a4a0597e47,sarvesh,0,1,0,0,819,1544113906.6714413
137,a4a059c447,rakesh sarkar,0,0,1,1521,163,1550827986.6714413
138,a4a05a0a47,akash gupta,0,1,0,0,1416,1547914098.6714413
139,a4a05a5047,rahul,0,0,1,3593,338,1537496682.6714413
140,a4a05a9647,pintu thakur,1,0,0,0,344,1540113363.6714413
141,a4a05adc47,vivek,0,0,1,1536,847,1539748426.6714413
142,a4a05b2247,mohd khairul,0,0,1,3489,298,1543871487.6714413
143,a4a05b6847,farmaan khan,1,0,1,4916,169,1537542628.6714413
144,a4a05bae47,vansu dev,0,1,1,1250,1995,1544189446.6714413
145,a4a05bf447,vansu dev,1,0,0,0,1267,1545186651.6714413
146,a4a05c3a47,shyam kumar,0,0,0,0,1494,1549312714.6714413
147,a4a05c8047,shafibul,0,0,0,0,1634,1550935140.6714413
148,a4a05cc647,lalit kathuriya,0,0,1,232,1794,1549255783.6714413
149,a4a05d0c47,pooran chand,1,1,0,0,647,1552583814.6714413
150,a4a05d5247,aamir hussain,0,0,1,2179,1159,1538379647.6714413
151,a4a05d9847,kamal jit singh,1,1,0,0,1013,1552512531.6714413
152,a4a05dde47,shiv kumar,0,0,0,0,1548,1547018693.6714413
153,a4a05e2447,mayank chaudhary @ rahul,0,0,0,0,578,1538439405.6714413
154,a4a05e6a47,rohit,1,1,1,3958,788,1548252328.6714413
155,a4a05eb047,som dutt,1,0,0,0,2033,1541227719.6714413
156,a4a05ef647,bablu regar,1,0,0,0,397,1551215671.6714413
157,a4a05f3c47,rohit,0,0,1,4050,1543,1552331510.6714413
158,a4a05f8247,rajkumar,0,0,1,3907,2425,1548969498.6714413
159,a4a05fc847,mubarik,0,0,0,0,295,1538632625.6714413
160,a4a0600e47,niraj,0,0,1,2537,930,1539802767.6714413
161,a4a0605447,sarbjeet @ ronak,0,0,0,0,240,1550705631.6714413
162,a4a0609a47,axat,0,0,0,0,2662,1549667071.6714413
163,a4a060e047,amit,0,0,0,0,1260,1548707045.6714413
164,a4a0612647,anubhav shrivastab,1,0,1,3443,926,1539550672.6714413
165,a4a0617647,akkash,0,1,1,3756,2442,1545963333.6714413
166,a4a061b247,himanshu,0,0,0,0,1915,1552692838.6714413
167,a4a061f847,harsh dagar,0,0,1,3257,1345,1544832393.6714413
168,a4a0623e47,anil kumar,0,0,0,0,527,1545142527.6714413
169,a4a0628447,vijay virmani,1,1,1,136,1977,1549708133.6714413
170,a4a062d447,vivek auhari,1,0,1,2685,1755,1537819801.6714413
171,a4a0631a47,sachin,0,0,0,0,2012,1542356065.6714413
172,a4a0636047,subhash chand bhatia,0,0,0,0,198,1538217516.6714413
173,a4a063a647,bhupender,0,1,1,393,177,1543035706.6714413
174,a4a063ec47,raghunandan das,0,1,1,1449,2177,1552023549.6714413
175,a4a0643247,sanjay,0,0,0,0,1565,1550569118.6714413
176,a4a0647847,ajay kumar,0,0,1,2171,2273,1549413621.6714413
177,a4a064be47,yognder,0,0,0,0,1921,1549675702.6714413
178,a4a0650e47,subhash,0,0,1,790,1829,1550930754.6714413
179,a4a0655447,arun @ vicky,0,0,0,0,1046,1545687560.6714413
180,a4a0659a47,rahul,1,0,1,1487,1111,1540387553.6714413
181,a4a065e047,vikas,0,1,0,0,1576,1538270254.6714413
182,a4a0662647,vinod,0,0,1,2174,227,1552155240.6714413
183,a4a0666c47,salman,0,1,1,1534,2504,1550615397.6714413
184,a4a066b247,mohan kumar,1,1,0,0,407,1541087271.6714413
185,a4a066f847,sandeep meghawal,1,0,1,249,1276,1549670664.6714413
186,a4a0673e47,imamudeen,0,0,0,0,1618,1551694916.6714413
187,a4a0678447,sandeep kumar,0,0,0,0,801,1549912911.6714413
188,a4a067d447,tarjan,1,0,1,1517,591,1538973212.6714413
189,a4a0681a47,kuldeep singh,0,0,1,1911,693,1539246972.6714413
190,a4a0686047,murari,1,0,1,2541,1366,1543275668.6714413
191,a4a068a647,ramvilash,0,0,1,2776,1251,1546333448.6714413
192,a4a068ec47,jagdish,1,0,0,0,2543,1545972931.6714413
193,a4a0693247,vishal @ moni,0,1,0,0,634,1546045412.6714413
194,a4a0697847,mohd shahid,0,0,1,3999,2498,1548656870.6714413
195,a4a069c847,ramvilash,0,1,1,2546,2189,1544596276.6714413
196,a4a06a0e47,kuldeep,0,1,0,0,692,1538739094.6714413
197,a4a06a5447,talim,0,1,0,0,1424,1537682099.6714413
198,a4a06a9a47,nanku prasad,0,0,1,4167,139,1540666685.6714413
199,a4a06ae047,bhola sarkar,1,0,0,0,1109,1538516909.6714413
200,a4a06b2647,balraj,0,0,1,3031,671,1540344211.6714413
201,a4a06b6c47,ravindra kumar,1,0,1,4459,177,1538746559.6714413
202,a4a06bb247,rohit kumar,1,0,1,4829,1096,1543021544.6714413
203,a4a06bf847,uttam kumar @ sanki,0,0,0,0,1173,1550433875.6714413
204,a4a06c3e47,babalu sen,1,1,1,2587,1934,1538947615.6714413
205,a4a06c8447,rustam shah,0,1,1,3272,1397,1551948424.6714413
206,a4a06cca47,sukhdev,1,1,1,2255,2639,1545983717.6714413
207,a4a06d1047,b vikjay kumar,1,0,1,3908,517,1548583239.6714413
208,a4a06d5647,dolly @ rekha w/o monto shah,0,0,0,0,868,1550828144.6714413
209,a4a06d9c47,gopal sharma,0,0,1,1707,2208,1551146534.6714413
210,a4a06de247,beeru,1,0,1,391,1437,1542520699.6714413
211,a4a06e2847,vipin,0,1,1,4510,2436,1541376127.6714413
212,a4a06e6e47,manish garg,1,0,0,0,2935,1539195665.6714413
213,a4a06eb447,guddu,0,0,0,0,2696,1545121898.6714413
214,a4a06f0447,jatin @ sonu,1,0,0,0,789,1545675533.6714413
215,a4a06f4a47,amit kumar,0,0,0,0,861,1550550900.6714413
216,a4a06f9047,amit kumar,0,0,0,0,889,1541183356.6714413
217,a4a06fd647,shadab,0,0,0,0,2700,1537285070.6714413
218,a4a0701c47,rakesh,1,1,1,2142,198,1551285248.6714413
219,a4a0706247,guddu,0,0,1,2262,1984,1552311611.6714413
220,a4a070a847,abhishek,1,1,0,0,526,1539594378.6714413
221,a4a070ee47,gulfam,1,1,0,0,1329,1551100459.6714413
222,a4a0713447,phoolwati @ phoolo devi,1,1,0,0,2301,1540889836.6714413
223,a4a0717a47,mohit maan,0,0,0,0,2811,1552186370.6714413
224,a4a071c047,veer bhan singh,0,0,0,0,291,1550777436.6714413
225,a4a0720647,dinesh kumar,1,0,0,0,2214,1538093926.6714413
226,a4a0724c47,amarjeet,0,1,0,0,1922,1538066117.6714413
227,a4a0729c47,satyadev,1,1,0,0,1944,1548141097.6714413
228,a4a072e247,mohd. mukhtaar,0,1,0,0,2896,1540940216.6714413
229,a4a0731e47,rishi,0,1,1,3238,535,1551360232.6714413
230,a4a0736447,esrail khan,0,0,0,0,2527,1540793045.6714413
231,a4a073aa47,suresh kumar,1,1,1,1167,1388,1552374737.6714413
232,a4a073f047,pankaj chand,0,0,0,0,392,1544061498.6714413
233,a4a0743647,ajay narayan,0,0,1,1949,1264,1546321673.6714413
234,a4a0748647,mohit @ himanshu,1,1,0,0,848,1539277045.6714413
235,a4a074cc47,sumit,1,1,1,2976,1707,1541398085.6714413
236,a4a0751247,saddam,0,1,0,0,122,1547017240.6714413
237,a4a0755847,nikhleshwar bhagat,0,0,1,3541,2650,1541809569.6714413
238,a4a0759e47,jai singh,0,1,0,0,452,1540243883.6714413
239,a4a075e447,deepak,1,0,1,93,1073,1543034554.6714413
240,a4a0762a47,sunil kumar,1,0,1,2018,2336,1549061917.6714413
241,a4a0767047,ram kishan,0,0,0,0,1954,1539409310.6714413
242,a4a076b647,arun,0,0,1,4650,929,1542599009.6714413
243,a4a076fc47,virender,0,1,0,0,1563,1551306948.6714413
244,a4a0774247,bishun,0,1,1,2624,1705,1542679587.6714413
245,a4a0778847,pritam singh,0,0,0,0,2075,1544743302.6714413
246,a4a077ce47,akash gupta,1,0,0,0,578,1542917927.6714413
247,a4a0781447,kishan,0,0,0,0,1904,1541844099.6714413
248,a4a0785a47,mohd kausar,1,0,1,2222,144,1540655997.6714413
249,a4a078a047,sachin,0,1,1,4081,169,1549766275.6714413
250,a4a078e647,harman singh,1,0,1,2249,1074,1549250332.6714413
251,a4a0792c47,deepak,0,0,0,0,1409,1544900135.6714413
252,a4a0797247,rajbir,0,0,1,3098,475,1552562539.6714413
253,a4a079b847,vinod lal,0,0,0,0,2812,1546883149.6714413
254,a4a07a0847,,0,0,1,1676,756,1551432816.6714413
255,a4a07a4e47,chander shaker,0,1,1,2041,2882,1542707249.6714413
256,a4a07a9447,krishan,0,1,1,3137,1310,1548907007.6714413
257,a4a07ada47,ram ji,0,1,1,126,2156,1550644552.6714413
258,a4a07b2047,jony,0,0,1,4291,1293,1537855227.6714413
259,a4a07b6647,mohammad ali,0,0,0,0,1525,1545270690.6714413
260,a4a07bac47,ashok kumar s/o,0,1,0,0,2038,1548873445.6714413
261,a4a07bf247,ravinder @ bacchi,1,1,1,3950,576,1539833928.6714413
262,a4a07c3847,amit,0,0,0,0,1373,1542226610.6714413
263,a4a07c7e47,guman singh basyal,1,0,1,4457,1698,1543113723.6714413
264,a4a07cce47,amardeep,0,0,1,4572,1996,1549531445.6714413
265,a4a07d1447,jagdish,0,1,1,1798,2952,1550981340.6714413
266,a4a07d5a47,bharat,1,0,0,0,1141,1548597176.6714413
267,a4a07da047,azaz,0,0,0,0,1105,1543869138.6714413
268,a4a07de647,raja kumar,1,1,0,0,1771,1538974437.6714413
269,a4a07e2c47,parveen,0,0,0,0,1413,1549288487.6714413
270,a4a07e7247,mahabir prasad,1,1,1,1038,215,1549663785.6714413
271,a4a07eb847,kartik @ kaku,0,0,0,0,1859,1545697384.6714413
272,a4a07efe47,shubham yadav,1,0,1,3452,2830,1543713425.6714413
273,a4a07f4447,yogesh,0,0,1,2694,217,1546654725.6714413
274,a4a07f8a47,madan,0,0,0,0,1867,1547614723.6714413
275,a4a07fda47,rashid,0,0,0,0,1359,1540846974.6714413
276,a4a0802047,jitender,1,1,1,1010,2677,1549143897.6714413
277,a4a0806647,pawan kumar,0,0,1,3653,755,1540831044.6714413
278,a4a080ac47,vivek,0,1,0,0,254,1550783949.6714413
279,a4a080f247,pintu kumar,0,0,1,4912,2675,1542554495.6714413
280,a4a0813847,deep,0,0,0,0,2209,1550599030.6714413
281,a4a0817e47,dharmbir,1,1,0,0,476,1546394432.6714413
282,a4a081ce47,rishi kakdia,1,0,0,0,1783,1539569356.6714413
283,a4a0821447,kunal @ kannu,0,0,1,4086,351,1548118805.6714413
284,a4a0825a47,arman ansari,1,0,0,0,2904,1539608024.6714413
285,a4a082a047,avinsh,0,0,1,2875,521,1545942042.6714413
286,a4a082e647,karan,1,0,1,3799,2599,1538472500.6714413
287,a4a0832c47,sandeep kumar,0,0,1,609,801,1545189351.6714413
288,a4a0837247,sagar,0,0,1,525,1009,1552381653.6714413
289,a4a083b847,nikhil,0,0,1,2085,1878,1549149867.6714413
290,a4a083fe47,raman,0,0,0,0,2484,1545529966.6714413
291,a4a0844e47,sujen manjhi,0,0,0,0,2908,1543806073.6714413
292,a4a0848a47,abhijeet,0,1,0,0,1093,1546533408.6714413
293,a4a084da47,anshu,0,0,0,0,2954,1551362167.6714413
294,a4a0852047,sahil,1,0,1,1988,2717,1541900344.6714413
295,a4a0856647,aditya som,0,0,0,0,1276,1543154657.6714413
296,a4a085ac47,gaurav,0,0,0,0,927,1547454108.6714413
297,a4a085f247,raja kumar,0,0,1,2392,2704,1545103475.6714413
298,a4a0863847,sunil,1,0,0,0,1319,1542182498.6714413
299,a4a0867e47,ravi kumar,0,0,1,1777,1567,1538155902.6714413
300,a4a086c447,shankar kumar,0,1,0,0,259,1540295400.6714413
301,a4a0870a47,vishvash,1,1,1,1292,904,1546989467.6714413
302,a4a0875047,sonia,1,0,1,657,358,1548924691.6714413
303,a4a0879647,santosh,0,1,0,0,130,1547183696.6714413
304,a4a087dc47,kayamuddin,1,1,0,0,1608,1545878056.6714413
305,a4a0882247,rohit kumar,0,1,1,4164,2224,1544427780.6714413
306,a4a0886847,nandkishore karpenter,0,1,0,0,1571,1548593697.6714413
307,a4a088b847,lala bhai,0,0,0,0,2994,1539986031.6714413
308,a4a088fe47,kishan rai,0,0,1,4796,280,1551852830.6714413
309,a4a0894e47,mahender kumar,1,0,1,2533,240,1546293608.6714413
310,a4a0899447,deepak,0,0,1,4040,953,1551510076.6714413
311,a4a089da47,mohd afzal,0,0,1,3104,2586,1550307892.6714413
312,a4a08a2047,satender,1,1,0,0,457,1546452785.6714413
313,a4a08a6647,shiv prasad singh,0,0,0,0,883,1540781194.6714413
314,a4a08aac47,mobin,1,0,0,0,2110,1541956738.6714413
315,a4a08af247,khokan sarkar,0,0,1,3953,607,1543066537.6714413
316,a4a08b3847,vikash,1,0,1,4831,1086,1540967365.6714413
317,a4a08b7e47,krisana braman,1,0,0,0,883,1542424797.6714413
318,a4a08bce47,vipol,0,0,0,0,345,1539861108.6714413
319,a4a08c1447,sanjay,0,0,0,0,478,1540061345.6714413
320,a4a08c5a47,mohd miraj ansari,0,0,1,1921,533,1540621811.6714413
321,a4a08ca047,rajmani,1,0,1,834,2489,1538958660.6714413
322,a4a08ce647,harbir  singh,0,0,0,0,2728,1542168497.6714413
323,a4a08d2c47,mohan,1,0,0,0,2692,1550671809.6714413
324,a4a08d7247,farid,0,0,0,0,1808,1551389565.6714413
325,a4a08db847,yuvraj kumar,0,0,0,0,2312,1537421111.6714413
326,a4a08dfe47,charan jeet singh,1,0,0,0,1390,1547480858.6714413
327,a4a08e4e47,satish kumar,0,0,0,0,1147,1550863327.6714413
328,a4a08e9447,gappu,0,0,0,0,1032,1546741839.6714413
329,a4a08eda47,nazeem,0,0,1,4480,2658,1537745896.6714413
330,a4a08f2047,aamir,0,1,0,0,2460,1544967994.6714413
331,a4a08f6647,vivek sharma,0,0,0,0,1425,1548114220.6714413
332,a4a08fac47,sandeep,0,0,0,0,2861,1548715272.6714413
333,a4a08ff247,gutam,0,1,1,1483,1879,1537315354.6714413
334,a4a0903847,prakul,0,0,1,2292,2189,1548905776.6714413
335,a4a0907e47,birjesh,1,0,1,2605,1768,1544001220.6714413
336,a4a090c447,sahil tigga,0,0,1,4671,352,1542842842.6714413
337,a4a0910a47,girishi chand,0,1,0,0,2164,1547962243.6714413
338,a4a0915a47,pavan sharma,0,1,1,1123,841,1541343581.6714413
339,a4a091a047,ikramuddin,0,0,1,895,2286,1543058902.6714413
340,a4a091e647,sajan,0,0,0,0,2623,1549727350.6714413
341,a4a0922c47,molu,1,0,1,3414,1225,1541231104.6714413
342,a4a0927247,dilawar,1,1,0,0,2804,1540089778.6714413
343,a4a092b847,naval kishore,0,1,0,0,1625,1545507956.6714413
344,a4a092fe47,sanjay,0,0,1,892,131,1545564919.6714413
345,a4a0934447,ajahar,0,0,0,0,2863,1547415437.6714413
346,a4a0939447,sanjeev,0,0,0,0,2788,1552610260.6714413
347,a4a093da47,raman ralhan,0,0,1,308,1094,1552178211.6714413
348,a4a0942047,raman ralhan,0,0,1,3605,1288,1539084067.6714413
349,a4a0946647,rohit,0,1,1,574,2136,1547053584.6714413
350,a4a094ac47,prem chand,1,0,0,0,1992,1539368064.6714413
351,a4a094f247,sandhaya,0,1,0,0,1461,1548275964.6714413
352,a4a0953847,ashish,0,0,0,0,2418,1543807138.6714413
353,a4a0957e47,irfan,0,0,0,0,1382,1543482416.6714413
354,a4a095c447,jang bahadur,1,0,0,0,1381,1550562266.6714413
355,a4a0961447,om parkash ahuja,0,1,0,0,291,1550488171.6714413
356,a4a0965a47,kamre alam,1,1,0,0,2971,1549836394.6714413
357,a4a096a047,md. raju,0,0,1,988,1411,1546387609.6714413
358,a4a096e647,dinesh,0,0,1,2609,426,1549917814.6714413
359,a4a0972c47,satpal,1,0,1,4044,1935,1549431073.6714413
360,a4a0977247,ram pyare,0,0,0,0,2527,1541336799.6714413
361,a4a097b847,suraj singh,0,0,1,3014,608,1546745051.6714413
362,a4a0980847,ashfaq,0,1,1,66,1372,1544578572.6714413
363,a4a0984e47,shaid,0,0,1,4587,1257,1538061371.6714413
364,a4a0989447,vikas gupta,0,0,1,4445,173,1546072040.6714413
365,a4a098da47,vijay singh,1,1,1,3383,2180,1541796828.6714413
366,a4a0992047,hari ram,0,0,0,0,1181,1541545632.6714413
367,a4a0996647,manoj kumar,0,0,0,0,954,1537742689.6714413
368,a4a099ac47,parash das,0,0,0,0,875,1550867072.6714413
369,a4a099f247,mehraj,0,0,0,0,1244,1538172490.6714413
370,a4a09a3847,chetan,1,1,0,0,2602,1539217522.6714413
371,a4a09a7e47,bhanwar lal,1,1,0,0,2977,1542029735.6714413
372,a4a09ace47,sanavvar,0,0,1,2941,355,1547441508.6714413
373,a4a09b1447,rahul sharma,0,0,1,4672,1676,1546538169.6714413
374,a4a09b5a47,mustaq,0,0,0,0,507,1540979473.6714413
375,a4a09ba047,ramkaran verma,1,0,1,3588,2788,1549217320.6714413
376,a4a09be647,mukhtyar hussain,0,0,1,485,1448,1540619596.6714413
377,a4a09c2c47,vakil,0,1,1,4355,2395,1543923948.6714413
378,a4a09c7247,bilal malik,1,1,0,0,1792,1548359359.6714413
379,a4a09cb847,radheshyam sen,0,0,1,3281,2073,1544049548.6714413
380,a4a09cfe47,mukesh,0,0,0,0,1578,1552452583.6714413
381,a4a09d4e47,sunil kumar,0,1,0,0,1600,1547138464.6714413
382,a4a09d9447,sunny,0,0,0,0,2384,1548097141.6714413
383,a4a09dda47,jitender rajak,0,0,1,300,262,1538303371.6714413
384,a4a09e2047,brahamprakash s/o meer singh,1,0,1,2594,1296,1544507694.6714413
385,a4a09e6647,raju singh,0,1,0,0,554,1537660700.6714413
386,a4a09eac47,sobit saini,0,1,0,0,2303,1551071750.6714413
387,a4a09ef247,inder dutt,0,0,1,749,2524,1545010216.6714413
388,a4a09f3847,shakir,1,0,0,0,495,1550475550.6714413
389,a4a09f7e47,haseen ahmed,0,1,1,1360,251,1537643429.6714413
390,a4a09fce47,kiran,1,0,1,3027,2645,1542456554.6714413
391,a4a0a01447,gulam rashul,0,0,1,4340,981,1551050948.6714413
392,a4a0a05a47,rajan,0,1,0,0,1838,1551957023.6714413
393,a4a0a0a047,ayush,0,1,0,0,1951,1538735884.6714413
394,a4a0a0e647,suraj,0,0,1,4971,2350,1540432437.6714413
395,a4a0a12c47,sehboob,1,1,0,0,487,1540450368.6714413
396,a4a0a17247,sanjay kumar s/o,1,0,1,3377,1188,1551055632.6714413
397,a4a0a1b847,manish,0,1,0,0,338,1551213580.6714413
398,a4a0a20847,amit kumar yadav,0,0,0,0,1891,1548071176.6714413
399,a4a0a24e47,divaraj,0,1,0,0,2055,1550339143.6714413
400,a4a0a29447,kamlesh,0,0,1,387,517,1548080944.6714413
401,a4a0a2da47,rajiv bagoriya,1,0,1,4627,1921,1544372895.6714413
402,a4a0a32047,abhinav chaudhary,0,1,0,0,576,1549800507.6714413
403,a4a0a37047,rahul,0,0,0,0,1671,1546790356.6714413
404,a4a0a3b647,"devender singh s/o shrinath r/o kh. no. 72/1, utsa",1,0,1,1723,2524,1540442523.6714413
405,a4a0a3fc47,azruddin,0,0,0,0,167,1551905079.6714413
406,a4a0a44247,sanjay kumar @ pappu,0,0,1,4920,883,1544560847.6714413
407,a4a0a48847,mushir ahmed,0,1,0,0,203,1552139589.6714413
408,a4a0a4ce47,vibhuti shyamal,1,1,0,0,2736,1547967847.6714413
409,a4a0a51447,inderjeet,0,0,0,0,503,1541962156.6714413
410,a4a0a55a47,sanjay,1,1,0,0,1567,1538512582.6714413
411,a4a0a5a047,golu,0,0,0,0,1718,1544407945.6714413
412,a4a0a5f047,lokesh,0,0,1,996,1700,1545364158.6714413
413,a4a0a63647,rajkumar,0,1,0,0,961,1547735747.6714413
414,a4a0a67c47,neeraj kandari,0,1,0,0,266,1550093021.6714413
415,a4a0a6c247,mukul verma,0,0,0,0,588,1541914427.6714413
416,a4a0a70847,rijakpal,1,0,1,3282,826,1537592132.6714413
417,a4a0a74e47,jai kishan,1,0,0,0,1754,1541239150.6714413
418,a4a0a79447,munna lal jain,0,0,1,2416,1773,1540646701.6714413
419,a4a0a7da47,jai prakash kashyap,1,1,1,1104,1381,1545922355.6714413
420,a4a0a82047,jai prakash kashyap,0,1,0,0,271,1551842110.6714413
421,a4a0a86647,shishram,0,0,0,0,2073,1549208258.6714413
422,a4a0a8ac47,parveen aggarwal,0,0,0,0,1063,1549316768.6714413
423,a4a0a8f247,pramod paswan,1,1,1,3004,1255,1542806126.6714413
424,a4a0a94247,ajit,0,1,1,2914,946,1537542796.6714413
425,a4a0a98847,deelip,0,1,1,3045,1232,1552299177.6714413
426,a4a0a9ce47,deelip,0,0,0,0,2322,1550889712.6714413
427,a4a0aa1447,rahul,1,1,0,0,2764,1539089614.6714413
428,a4a0aa5a47,aaftaab husan,0,0,0,0,279,1541067963.6714413
429,a4a0aaa047,monu,1,0,0,0,237,1541024417.6714413
430,a4a0aae647,ramesh,0,0,0,0,1071,1547136659.6714413
431,a4a0ab2c47,sawan gupta,0,0,1,2402,2630,1540249645.6714413
432,a4a0ab7247,munna lal,1,0,1,948,2856,1541001442.6714413
433,a4a0abc247,saurabh,0,0,0,0,469,1551311731.6714413
434,a4a0ac0847,sarvesh kumar pandey,0,0,1,4319,2421,1548744602.6714413
435,a4a0ac4e47,avdhesh,1,0,0,0,357,1545991229.6714413
436,a4a0ac9447,sohnal kumar singh,0,0,0,0,1374,1541990458.6714413
437,a4a0acda47,najar hussan,1,0,1,4231,1517,1542289241.6714413
438,a4a0ad2047,raman @ rancho,0,0,1,3070,1349,1542487851.6714413
439,a4a0ad6647,lavtar singh,0,0,0,0,1025,1538395604.6714413
440,a4a0adac47,nanak chand,0,0,1,6,2550,1540004450.6714413
441,a4a0adf247,harprasad sahu,1,1,0,0,2057,1546507192.6714413
442,a4a0ae3847,vikas kumar,0,0,1,437,247,1548000599.6714413
443,a4a0ae7e47,ashsish kumar,1,0,1,1987,2604,1550953333.6714413
444,a4a0aec447,rajesh singh,0,0,1,4630,2161,1548307853.6714413
445,a4a0af1447,ashu,0,0,0,0,2165,1540984911.6714413
446,a4a0af5a47,manjeet,0,1,0,0,1892,1550230395.6714413
447,a4a0afa047,jaipal,0,0,0,0,942,1546617789.6714413
448,a4a0afe647,jalil ansari,0,0,1,2201,2978,1549135749.6714413
449,a4a0b02c47,deepak verma,1,1,1,4531,1999,1550170256.6714413
450,a4a0b07247,kasim,0,1,1,3389,287,1539489415.6714413
451,a4a0b0b847,monu kumar,1,1,0,0,1346,1544499310.6714413
452,a4a0b0fe47,shankar kumar,0,1,1,3013,1766,1549097350.6714413
453,a4a0b14447,manish kumar saket,1,0,1,4495,641,1540874323.6714413
454,a4a0b18a47,vijay,0,0,1,4120,800,1545180280.6714413
455,a4a0b1da47,udham,0,0,1,1201,324,1542878472.6714413
456,a4a0b22047,saurabh s/o,0,0,1,1875,2376,1545042918.6714413
457,a4a0b26647,ayush,0,0,0,0,2276,1551490361.6714413
458,a4a0b2ac47,ravinder,1,1,1,1593,2132,1539594161.6714413
459,a4a0b2f247,rahul,0,1,1,1005,2698,1541503069.6714413
460,a4a0b33847,narayan gadri,0,0,1,311,849,1550523252.6714413
461,a4a0b37e47,lakshman nath,1,1,1,2741,2338,1547057041.6714413
462,a4a0b3c447,rahul,0,0,1,2438,2144,1545328229.6714413
463,a4a0b40a47,rohit,1,0,1,4496,112,1544863372.6714413
464,a4a0b45047,ajay,1,1,1,1105,2309,1546026543.6714413
465,a4a0b49647,sachin kumar,1,0,1,1644,1846,1539938865.6714413
466,a4a0b4dc47,shahid,1,1,0,0,1805,1548792142.6714413
467,a4a0b52c47,amarjeet,1,1,0,0,2848,1549533366.6714413
468,a4a0b57247,munna @ ravi jaiswal,1,1,1,3856,2023,1541840900.6714413
469,a4a0b5b847,ishtkar,0,0,1,1063,2246,1539330835.6714413
470,a4a0b5fe47,harish chand,0,1,1,2869,682,1549227742.6714413
471,a4a0b64447,puneet jain,1,1,1,4105,2353,1542356976.6714413
472,a4a0b69447,abhishekh,0,0,0,0,1208,1544852143.6714413
473,a4a0b6da47,rashab,0,1,0,0,2950,1551774087.6714413
474,a4a0b72047,amit kumar shukla,0,0,1,3409,1101,1552049761.6714413
475,a4a0b76647,vinod,0,1,0,0,2793,1547130559.6714413
476,a4a0b7ac47,praful naag,0,0,1,3974,2701,1539156861.6714413
477,a4a0b7f247,tarachand @ pappu,0,1,0,0,2559,1539892965.6714413
478,a4a0b83847,deepak rana,1,1,0,0,2607,1539406016.6714413
479,a4a0b87e47,puran singh rastogi,0,0,1,827,1532,1552646059.6714413
480,a4a0b8c447,narender,0,0,0,0,2295,1539538577.6714413
481,a4a0b91447,lal babu prasad,1,1,1,1813,2296,1540854968.6714413
482,a4a0b95a47,dinesh,0,1,1,2484,361,1543220582.6714413
483,a4a0b9a047,rakesh,0,0,1,1998,1355,1544009871.6714413
484,a4a0ba5447,ankush,1,0,0,0,2792,1539802319.6714413
485,a4a0baa447,kuldeep,1,1,0,0,2183,1550320406.6714413
486,a4a0baea47,lal chand,0,0,1,572,2268,1542563343.6714413
487,a4a0bb3047,vivek,1,1,1,650,1688,1546376235.6714413
488,a4a0bb7647,pankaj,0,0,1,4265,1364,1544983623.6714413
489,a4a0bbbc47,sanjay,0,0,1,2955,1360,1552707080.6714413
490,a4a0bc0c47,kiran pal,1,0,0,0,668,1546577867.6714413
491,a4a0bc4847,ranveer singh,0,0,1,661,233,1548360086.6714413
492,a4a0bc9847,anwar,1,1,0,0,2803,1537291625.6714413
493,a4a0bcde47,sadab urf golu,0,0,0,0,1301,1548854396.6714413
494,a4a0bd2447,gorav,0,1,1,4252,378,1550821332.6714413
495,a4a0bd6a47,raj kumar @ raju,0,0,0,0,1063,1547101377.6714413
496,a4a0bdb047,jitender,0,0,1,4004,1808,1549757761.6714413
497,a4a0bdf647,laxmikant @kaka,0,1,0,0,1998,1551462794.6714413
498,a4a0be3c47,narayan parsad bhushal,0,0,1,788,2915,1549489890.6714413
499,a4a0be8247,abbas,0,0,1,2470,2876,1546156678.6714413
500,a4a0bed247,avinash,1,0,0,0,2061,1539069902.6714413
501,a4a0bf1847,ravish,1,0,0,0,193,1548462742.6714413
502,a4a0bf5e47,hukum chand,1,0,0,0,2213,1552471460.6714413
503,a4a0bfa447,pappu @ mahender singh,0,0,1,4025,2228,1543142182.6714413
504,a4a0bfea47,akash tomer,1,0,0,0,179,1543729463.6714413
505,a4a0c03047,mahesh chand tiwari,0,0,0,0,2301,1541251022.6714413
506,a4a0c07647,rekhai,0,0,0,0,996,1540859554.6714413
507,a4a0c0c647,gajender kumar,1,1,0,0,2468,1539293656.6714413
508,a4a0c10c47,vashudev,1,1,0,0,1883,1539184787.6714413
509,a4a0c15247,bhanwar singh,0,0,1,974,1769,1549431305.6714413
510,a4a0c19847,amit kumar,1,0,0,0,1162,1549579541.6714413
511,a4a0c1de47,surender sain,0,0,1,2692,1213,1545265209.6714413
512,a4a0c22447,akshay kumar,0,0,0,0,1498,1544516993.6714413
513,a4a0c26a47,goldy,1,0,1,4656,2226,1537739387.6714413
514,a4a0c2b047,satyender @ kalu,0,1,0,0,2441,1552277313.6714413
515,a4a0c2f647,devender,1,0,0,0,956,1552505587.6714413
516,a4a0c33c47,veer,0,1,0,0,2373,1540051458.6714413
517,a4a0c38247,ankush @ shera,1,0,0,0,1543,1545163448.6714413
518,a4a0c3c847,mohd. amir,0,1,0,0,1476,1550631116.6714413
519,a4a0c40e47,babloo,0,0,1,4375,429,1550810342.6714413
520,a4a0c45447,bhavesh dass,0,0,1,561,114,1544208128.6714413
521,a4a0c49a47,gourav,0,0,1,1703,529,1543196442.6714413
522,a4a0c4e047,sunil,1,0,0,0,1963,1542948890.6714413
523,a4a0c52647,guddu rai,0,1,0,0,301,1542230340.6714413
524,a4a0c56c47,yogesh rawat,0,0,1,2709,1714,1549314226.6714413
525,a4a0c5b247,amarapal,0,0,0,0,1934,1538814973.6714413
526,a4a0c5f847,rajesh agarwal,0,1,0,0,1106,1541389258.6714413
527,a4a0c63e47,tara singh rawat,0,0,1,4019,1299,1544938686.6714413
528,a4a0c68447,momin,0,0,1,413,2704,1551142440.6714413
529,a4a0c6ca47,parnav kumar,1,0,1,1150,1066,1547379445.6714413
530,a4a0c71047,neeraj kumar,0,0,1,3516,2473,1551484888.6714413
531,a4a0c75647,parminder,0,1,1,1577,263,1548597754.6714413
532,a4a0c7a647,mustafa,0,0,0,0,1931,1539579352.6714413
533,a4a0c7ec47,ajay haldar,0,0,1,4023,139,1543361513.6714413
534,a4a0c83247,sanjay,0,0,0,0,190,1539337417.6714413
535,a4a0c87847,dharmender,1,1,0,0,2183,1548275850.6714413
536,a4a0c8be47,gaurav sethi,0,0,0,0,2100,1543170975.6714413
537,a4a0c90447,suresh,0,1,1,1255,1591,1541812703.6714413
538,a4a0c94a47,rohit,0,0,0,0,2372,1547253883.6714413
539,a4a0c99047,dinesh,0,0,1,2369,1085,1549784844.6714413
540,a4a0c9d647,sachin kumar,0,1,1,2829,1023,1543806907.6714413
541,a4a0ca1c47,sagar,1,0,1,1630,2607,1545068189.6714413
542,a4a0ca6247,vipin,1,1,1,882,1644,1538890850.6714413
543,a4a0caa847,parth madan,0,0,0,0,171,1544129828.6714413
544,a4a0caee47,kuldeep,0,0,1,1784,2022,1547777292.6714413
545,a4a0cb3447,abhimanyu,0,1,0,0,769,1540768048.6714413
546,a4a0cb8447,pawan kumar @ sonu,0,1,1,4589,1246,1537290465.6714413
547,a4a0cbca47,rohan,0,0,0,0,887,1551869727.6714413
548,a4a0cc1047,raju garg,0,0,0,0,2264,1537352825.6714413
549,a4a0cc5647,samir mishra,0,0,1,3414,2607,1542544337.6714413
550,a4a0cc9c47,ram dayal,0,1,0,0,382,1539012937.6714413
551,a4a0cce247,jagdish chand,0,0,1,3191,2064,1549612644.6714413
552,a4a0cd2847,kanheya,0,0,0,0,1081,1543942067.6714413
553,a4a0cd6e47,deepak,0,0,0,0,418,1540376863.6714413
554,a4a0cdb447,mushrraf,0,0,1,1611,1189,1550126716.6714413
555,a4a0cdfa47,prem,1,1,1,4994,174,1544386160.6714413
556,a4a0ce4047,pardeep kumar,1,0,1,2343,476,1545193721.6714413
557,a4a0ce8647,monu,0,0,0,0,1465,1547353389.6714413
558,a4a0cecc47,pawan,0,0,0,0,202,1537360852.6714413
559,a4a0cf1247,manoj kumar,0,0,1,2083,1428,1541816148.6714413
560,a4a0cf6247,deepak,0,0,1,4188,1660,1542246280.6714413
561,a4a0cfa847,nithyanandham,0,0,1,1739,157,1544842763.6714413
562,a4a0cfee47,deepak goyal,0,1,0,0,1322,1547012811.6714413
563,a4a0d03447,sunil ladkani,0,0,0,0,2418,1538616738.6714413
564,a4a0d07a47,ajay,0,0,0,0,2103,1544227980.6714413
565,a4a0d0c047,gopal,0,0,1,2528,1717,1551757997.6714413
566,a4a0d10647,vivek,1,0,1,4999,707,1542128938.6714413
567,a4a0d14c47,mahavir,1,0,1,980,916,1545908040.6714413
568,a4a0d19247,indra sain,1,0,1,1822,2837,1547042852.6714413
569,a4a0d1d847,soni,1,0,0,0,2662,1538284580.6714413
570,a4a0d21e47,arun kumar,0,0,1,1954,699,1543026020.6714413
571,a4a0d26e47,ashok sharma,0,1,0,0,2272,1540005818.6714413
572,a4a0d2b447,veer singh,0,0,1,1535,842,1548649874.6714413
573,a4a0d2fa47,aman dahiya,0,0,1,439,609,1540909472.6714413
574,a4a0d34047,pawan,0,0,0,0,2586,1544588964.6714413
575,a4a0d38647,laxmi narayan,0,0,0,0,1230,1545479311.6714413
576,a4a0d3cc47,vikram dubey,0,0,0,0,1753,1542477132.6714413
577,a4a0d41247,rima,0,0,1,4658,1663,1537720542.6714413
578,a4a0d45847,suraj,0,1,0,0,2021,1546308461.6714413
579,a4a0d49e47,virender,0,0,0,0,263,1542596164.6714413
580,a4a0d4e447,tara singh rawat,0,0,0,0,2786,1549262584.6714413
581,a4a0d52a47,ramjan khan,0,0,1,846,1460,1551500172.6714413
582,a4a0d57047,sunder,0,0,0,0,2390,1543658354.6714413
583,a4a0d5b647,omparkash,0,0,1,2443,1550,1537703522.6714413
584,a4a0d5fc47,saddam,0,0,0,0,186,1540687003.6714413
585,a4a0d64247,alok tiwari,0,1,1,2583,2497,1551697706.6714413
586,a4a0d68847,vude bhadur,1,0,0,0,558,1539216516.6714413
587,a4a0d6ce47,prem singh bidla,0,0,0,0,2673,1551331106.6714413
588,a4a0d71447,chetanya swaroop,1,0,0,0,2207,1550959395.6714413
589,a4a0d76447,pinkoo @ guddu,0,0,0,0,729,1549479164.6714413
590,a4a0d7aa47,shardanand,0,0,0,0,2354,1537812701.6714413
591,a4a0d7f047,vikash,0,0,0,0,1170,1540248188.6714413
592,a4a0d83647,henkhochon haokip,1,1,0,0,2884,1544080356.6714413
593,a4a0d87c47,gaurav shankar,0,0,0,0,2619,1537661993.6714413
594,a4a0d8c247,shsi kant,0,1,1,2154,2517,1546684892.6714413
595,a4a0d90847,md. tavrej,1,0,1,4501,1916,1543652273.6714413
596,a4a0d94e47,amrudin,1,0,1,4666,2463,1537325373.6714413
597,a4a0d99447,shahnawaz,0,0,0,0,528,1548536173.6714413
598,a4a0d9da47,brij raj,1,0,0,0,2705,1541585801.6714413
599,a4a0da2047,aman kumar,1,1,1,3559,1138,1552762491.6714413
600,a4a0da6647,dinesh,0,1,1,3778,1061,1549813389.6714413
601,a4a0daac47,vijay kumar,0,0,1,1781,831,1550195708.6714413
602,a4a0daf247,baban @ suresh,0,0,0,0,388,1545085349.6714413
603,a4a0db3847,subham kumar yadav,0,0,1,4128,1610,1543463872.6714413
604,a4a0db8847,sapna,1,0,1,2739,605,1541350445.6714413
605,a4a0dbce47,surendra,0,1,1,2516,778,1538361203.6714413
606,a4a0dc1447,naveen,1,0,0,0,1538,1549469851.6714413
607,a4a0dc5a47,ram niwas,1,1,0,0,1735,1546782103.6714413
608,a4a0dca047,amar,0,0,1,4589,2151,1547315040.6714413
609,a4a0dce647,nanhu khan,0,0,1,845,611,1551747789.6714413
610,a4a0dd2c47,kishan,0,0,0,0,498,1546523900.6714413
611,a4a0dd7247,dharmender,1,0,0,0,1391,1539651464.6714413
612,a4a0ddb847,raja ram,0,0,0,0,2314,1539128505.6714413
613,a4a0ddfe47,rishab,0,0,0,0,1055,1540209124.6714413
614,a4a0de4447,ziyabul,0,0,1,1207,1215,1552053648.6714413
615,a4a0de8a47,jag mohan,0,0,1,3635,1677,1541786529.6714413
616,a4a0ded047,devender,1,0,0,0,2830,1547952512.6714413
617,a4a0df1647,ritu raj kumar,1,0,0,0,549,1537758004.6714413
618,a4a0df6647,manoj kumar,1,0,0,0,1458,1549049649.6714413
619,a4a0dfac47,raj kapoor,1,0,1,2123,194,1546405529.6714413
620,a4a0dff247,arvind agarwal @ pinto,0,0,0,0,1848,1541712835.6714413
621,a4a0e03847,rajbir ahlawat,1,0,1,3202,724,1550703999.6714413
622,a4a0e07e47,mohd faijan,1,1,1,3852,1711,1552030930.6714413
623,a4a0e0c447,suraj,1,1,0,0,813,1538416499.6714413
624,a4a0e10a47,shyama,0,0,1,2868,2087,1551010973.6714413
625,a4a0e15047,mohd. firoz,0,0,0,0,1304,1538254039.6714413
626,a4a0e19647,jagdish,1,0,1,4452,713,1539497191.6714413
627,a4a0e1dc47,bhag chand,1,0,1,266,450,1547608982.6714413
628,a4a0e22247,sachin,1,1,0,0,2536,1548764762.6714413
629,a4a0e26847,parbhat,0,1,0,0,1558,1542383934.6714413
630,a4a0e2ae47,aamod & pramod,1,0,0,0,1157,1542783992.6714413
631,a4a0e2f447,chander shekhar,0,0,0,0,713,1540581892.6714413
632,a4a0e33a47,nanagram,0,1,0,0,2920,1546138464.6714413
633,a4a0e38a47,gautam,0,0,1,4042,1163,1540934785.6714413
634,a4a0e3d047,mohan,1,0,1,2558,2114,1542224431.6714413
635,a4a0e41647,govind,0,0,0,0,1192,1549765733.6714413
636,a4a0e45c47,raja babu,1,0,1,4744,2275,1552677407.6714413
637,a4a0e4a247,pramjot singh,0,1,1,868,2610,1537447068.6714413
638,a4a0e4e847,abhinav vashit,1,0,1,1808,1726,1544200665.6714413
639,a4a0e52e47,usha,0,0,1,2104,390,1552267886.6714413
640,a4a0e57447,vivek chabra,0,0,1,4407,2645,1548482846.6714413
641,a4a0e5ba47,ashish,0,1,1,3896,2197,1537908183.6714413
642,a4a0e60047,ankit,0,0,1,3053,180,1548859188.6714413
643,a4a0e64647,harish chand,0,0,1,2969,541,1539492883.6714413
644,a4a0e68c47,nootan prakash yadav,0,0,0,0,1016,1540922597.6714413
645,a4a0e6d247,surender,1,1,1,2655,682,1548664729.6714413
646,a4a0e72247,chhotelal,1,1,1,3111,218,1543657215.6714413
647,a4a0e76847,karan,1,0,1,758,939,1541781225.6714413
648,a4a0e7ae47,karan,1,0,0,0,2382,1537535227.6714413
649,a4a0e7f447,abdul kadir,0,1,0,0,427,1544135847.6714413
650,a4a0e83a47,vikas kumar,1,0,1,3693,687,1549747574.6714413
651,a4a0e88047,sambhu,1,1,1,1018,964,1551739533.6714413
652,a4a0e8c647,bablu,0,0,0,0,2516,1546051528.6714413
653,a4a0e90c47,bablu,0,0,1,2078,2749,1551499090.6714413
654,a4a0e95247,rajender @ kaku,1,0,1,1939,2393,1547629815.6714413
655,a4a0e99847,ram ldaike,0,0,1,1565,1786,1548943040.6714413
656,a4a0e9de47,raju,1,0,1,4348,127,1541166502.6714413
657,a4a0ea2447,yasib,0,1,1,3913,1248,1546573893.6714413
658,a4a0ea6a47,sone lal shah,1,0,1,1616,2476,1550343773.6714413
659,a4a0eab047,manoj kumar,1,0,1,3757,807,1539831729.6714413
660,a4a0eb0047,chhotu harijan,0,0,0,0,360,1538522459.6714413
661,a4a0eb4647,sushant,0,0,0,0,185,1543482009.6714413
662,a4a0eb8c47,om prakash,0,1,0,0,794,1550063999.6714413
663,a4a0ebd247,manish kumar,0,1,1,860,2536,1543745506.6714413
664,a4a0ec1847,adersen,0,0,0,0,2269,1547607183.6714413
665,a4a0ec5e47,mukesh kumar yogi,0,0,1,69,1467,1543470367.6714413
666,a4a0eca447,ramesh,0,0,0,0,1779,1546204510.6714413
667,a4a0ecea47,sagar,1,0,0,0,1880,1543859050.6714413
668,a4a0ed3047,amit,1,0,1,2890,2100,1539217148.6714413
669,a4a0ed7647,gautam kumar,1,0,0,0,1487,1543687768.6714413
670,a4a0edc647,raj kumar,0,0,0,0,1081,1549261325.6714413
671,a4a0ee0c47,hardeep @ hunny,0,1,1,4333,1829,1545212313.6714413
672,a4a0ee5247,rohit kumar,0,0,1,2329,814,1546634036.6714413
673,a4a0ee9847,himanshu,0,1,0,0,700,1547511330.6714413
674,a4a0eede47,fitrat,0,0,0,0,1870,1549017809.6714413
675,a4a0ef2447,pankaj saini,0,0,0,0,733,1537217813.6714413
676,a4a0ef6a47,manish sehrawat,1,0,1,3720,879,1548539100.6714413
677,a4a0efb047,krishan,1,0,0,0,2123,1541286382.6714413
678,a4a0eff647,ravi chandra natarajan,0,1,0,0,1156,1538011648.6714413
679,a4a0f03c47,karunakar dehra,0,1,0,0,629,1545576233.6714413
680,a4a0f08247,somdath,0,0,1,1951,276,1542478039.6714413
681,a4a0f0d247,shiva,1,0,0,0,2047,1546355484.6714413
682,a4a0f10e47,rajeev jha,1,1,0,0,1379,1541216093.6714413
683,a4a0f15e47,vishal,0,1,1,2076,485,1542147291.6714413
684,a4a0f1a447,mukesh soni,0,1,1,3928,241,1547540543.6714413
685,a4a0f1ea47,ashok kharkwal,1,0,1,566,1293,1552508302.6714413
686,a4a0f23047,raj kumar,0,0,0,0,2502,1545080277.6714413
687,a4a0f27647,iswar sharan,1,1,1,1373,1042,1544359320.6714413
688,a4a0f2bc47,maj- koko khaing,0,0,0,0,385,1550837291.6714413
689,a4a0f30247,manni @ manish,0,0,0,0,2488,1539896908.6714413
690,a4a0f34847,sonu,0,0,1,2312,2064,1540682503.6714413
691,a4a0f38e47,amrit patel,0,0,0,0,977,1546563538.6714413
692,a4a0f3d447,tausin,1,1,1,1724,2933,1552693875.6714413
693,a4a0f41a47,rajveer,0,0,0,0,2413,1543857653.6714413
694,a4a0f46047,rupesh rathor,0,1,1,1011,2769,1547725493.6714413
695,a4a0f4a647,dinesh singh rana,1,1,0,0,2646,1548634281.6714413
696,a4a0f4ec47,bhrat narayn,0,0,0,0,894,1546347696.6714413
697,a4a0f53247,annu,0,0,0,0,445,1548577776.6714413
698,a4a0f58247,ombir singh,0,1,1,3030,1384,1540897380.6714413
699,a4a0f5c847,ombir singh,0,1,0,0,2708,1537530579.6714413
700,a4a0f60e47,anand,0,0,0,0,1121,1552586694.6714413
701,a4a0f65447,rajesh kumar,0,0,0,0,794,1545968011.6714413
702,a4a0f69a47,varun chandela,0,0,0,0,389,1546944582.6714413
703,a4a0f6e047,rahul,1,0,1,992,703,1549178646.6714413
704,a4a0f72647,yameen,0,0,1,2856,878,1537558132.6714413
705,a4a0f76c47,ravi singh,1,1,1,2597,502,1544557681.6714413
706,a4a0f7b247,jitendra singh,0,1,0,0,2056,1545930322.6714413
707,a4a0f80247,vivek,0,0,1,3584,1633,1548092733.6714413
708,a4a0f84847,iarfan mohammad,1,1,1,3674,2532,1545994575.6714413
709,a4a0f88e47,raj kumar,0,0,0,0,2966,1550854156.6714413
710,a4a0f8d447,mukesh,0,0,1,1123,2668,1541569266.6714413
711,a4a0f91a47,sahil,0,0,0,0,1534,1549479618.6714413
712,a4a0f96047,vasim,1,1,0,0,1141,1544136212.6714413
713,a4a0f9a647,gaurav kumar,0,1,1,397,925,1537577175.6714413
714,a4a0f9ec47,prateek kumar tiwari,0,0,0,0,357,1541246731.6714413
715,a4a0fa3247,birju,0,0,1,4385,2953,1539347702.6714413
716,a4a0fa7847,pradeep,0,0,0,0,298,1552749660.6714413
717,a4a0fabe47,raghubir singh,0,0,0,0,1056,1552516962.6714413
718,a4a0fb0e47,ayub khan,0,1,1,666,1917,1549453221.6714413
719,a4a0fb5447,ram jatan,0,0,0,0,2777,1546449105.6714413
720,a4a0fba447,azhar  ali,1,0,0,0,334,1547854710.6714413
721,a4a0fbea47,tufail,0,0,1,4932,923,1538543467.6714413
722,a4a0fc3047,parveen,0,0,1,797,2285,1549949501.6714413
723,a4a0fc7647,afridi,1,1,0,0,1764,1543033616.6714413
724,a4a0fcc647,tahir,0,1,0,0,1753,1541443431.6714413
725,a4a0fd0c47,ankit tiwari,0,0,1,4081,113,1541714134.6714413
726,a4a0fd5247,ravi,0,0,1,2140,312,1551009422.6714413
727,a4a0fd9847,abhay,1,1,0,0,1532,1546144201.6714413
728,a4a0fdde47,anuj tiwari,1,0,1,2548,1865,1547820475.6714413
729,a4a0fe2447,vipiv malkania,0,0,1,3678,2490,1542163142.6714413
730,a4a0fe6a47,inderpal,0,0,1,4843,2541,1549772564.6714413
731,a4a0feb047,dinesh singh,1,0,0,0,2766,1549178748.6714413
732,a4a0fef647,suraj,1,1,1,571,341,1546992690.6714413
733,a4a0ff3c47,sanjit misra,1,0,1,4652,2780,1543777948.6714413
734,a4a0ff8247,aasto,1,0,1,2194,213,1542113364.6714413
735,a4a0ffc847,charan singh,1,0,1,568,900,1550369377.6714413
736,a4a1000e47,dhansinghpuri,0,0,0,0,1691,1538211524.6714413
737,a4a1005e47,chottu shah,0,1,1,3595,1676,1548668318.6714413
738,a4a100a447,ram chander jha,0,1,0,0,915,1541928941.6714413
739,a4a100ea47,arjun,0,0,1,463,2133,1544603210.6714413
740,a4a1013047,nirmal,1,0,1,1546,1643,1542874112.6714413
741,a4a1018047,niranjan,0,0,0,0,2276,1551141237.6714413
742,a4a101c647,mantu kumar,1,0,1,4745,1665,1544369896.6714413
743,a4a1020c47,saurabh,1,0,0,0,2288,1546056301.6714413
744,a4a1025247,firakat ali,1,0,0,0,1038,1550234891.6714413
745,a4a1029847,ajay,0,1,0,0,1218,1540567957.6714413
746,a4a102de47,sagar,0,0,0,0,1865,1538040545.6714413
747,a4a1032447,ashshwer parsad,1,0,1,728,2532,1547242889.6714413
748,a4a1036a47,akash,1,0,0,0,1672,1538159991.6714413
749,a4a103b047,andhav,0,0,1,1402,2725,1539531775.6714413
750,a4a103f647,akhil kumar,1,0,1,2879,1943,1547142369.6714413
751,a4a1043c47,ranbir,0,0,0,0,2860,1543062216.6714413
752,a4a1048247,amit,1,0,1,2861,312,1544245534.6714413
753,a4a104c847,inderjeet mandal,0,1,1,3336,2289,1542546617.6714413
754,a4a1050e47,sikandar,0,0,0,0,726,1549107641.6714413
755,a4a1055e47,arjun singh,0,1,0,0,2505,1545891302.6714413
756,a4a105a447,vishal mishra,0,0,1,3394,532,1546770846.6714413
757,a4a105ea47,dalip shah,1,1,1,4902,2530,1542964557.6714413
758,a4a1063047,mohd. jafruddin,1,1,0,0,1532,1540852652.6714413
759,a4a1067647,satnosh,0,0,0,0,1137,1544094313.6714413
760,a4a106bc47,sohan lal,1,0,1,2756,1600,1543029550.6714413
761,a4a1070247,vinod kumar,0,0,1,2972,897,1548461297.6714413
762,a4a1075247,dinesh singh,0,0,0,0,1256,1540977396.6714413
763,a4a1079847,ajay kumar,1,1,0,0,1604,1550815256.6714413
764,a4a107de47,pawan,0,0,0,0,690,1543329790.6714413
765,a4a1082447,aasish  kumar,0,0,0,0,1593,1537656992.6714413
766,a4a1086a47,tavinder kumar,1,1,1,22,319,1538584078.6714413
767,a4a108ba47,laxman,0,0,0,0,1715,1544061884.6714413
768,a4a1090047,milan,0,1,1,4286,898,1540893348.6714413
769,a4a1094647,harishankar verma,0,0,1,4060,351,1552447126.6714413
770,a4a1098c47,rahul,0,1,0,0,1651,1548360147.6714413
771,a4a109d247,manish,0,0,0,0,1019,1546622916.6714413
772,a4a10a1847,arun,0,1,1,3378,1521,1539876062.6714413
773,a4a10a5e47,sri kant,1,1,1,3898,1468,1545772912.6714413
774,a4a10aa447,radheyshyam saini,0,0,1,1318,207,1550143448.6714413
775,a4a10aea47,mohit,0,1,1,4755,2266,1544993009.6714413
776,a4a10b3a47,damanjeet singh,0,0,0,0,1833,1552625039.6714413
777,a4a10b8047,sameer,0,1,1,2267,664,1552610157.6714413
778,a4a10bc647,bhushan sahay,0,1,1,2600,2903,1547476701.6714413
779,a4a10c0c47,ramesh kumar,0,1,1,4456,669,1538546803.6714413
780,a4a10c5247,samadh,0,0,1,324,2520,1539643982.6714413
781,a4a10c9847,malkeet singh,0,1,0,0,2442,1542161682.6714413
782,a4a10cde47,sachin,0,1,1,2059,2622,1545867392.6714413
783,a4a10d2447,uma shankar,1,0,1,3196,229,1546876556.6714413
784,a4a10d6a47,kamla prasad,1,0,0,0,1721,1546739005.6714413
785,a4a10db047,mukesh,0,0,1,4430,2712,1547999564.6714413
786,a4a10df647,mohd. iqbal,1,1,0,0,2715,1552729638.6714413
787,a4a10e3c47,sachin,0,0,0,0,575,1547436124.6714413
788,a4a10e8247,tikku,0,0,1,682,1925,1546434046.6714413
789,a4a10ed247,deepak,0,0,1,4534,1015,1546189051.6714413
790,a4a10f1847,vikash,0,1,1,1635,2336,1543382276.6714413
791,a4a10f5e47,janesh,1,0,0,0,2050,1538024301.6714413
792,a4a10fa447,satender,0,0,0,0,1406,1551170816.6714413
793,a4a10fea47,lakshya chauhan @ lucky,0,0,1,4493,413,1546468342.6714413
794,a4a1103047,anoop singh,0,0,1,445,2689,1550441621.6714413
795,a4a1107647,dal chand,0,0,1,4786,2607,1551656044.6714413
796,a4a110bc47,pushpendra singh rathore,0,0,0,0,2510,1543607071.6714413
797,a4a1110c47,harpal singh,1,1,1,3437,1191,1548208355.6714413
798,a4a1115247,khimanand,0,0,0,0,712,1549688459.6714413
799,a4a1119847,manoj  kumar age-24 & satesh  kumar age 18,0,0,1,1084,2234,1552159019.6714413
800,a4a111de47,akshit,0,1,0,0,2536,1548867322.6714413
801,a4a1122447,chandan kumar,1,1,0,0,394,1538634845.6714413
802,a4a1126a47,vinay,0,0,1,3732,1030,1538263565.6714413
803,a4a112b047,pancham,0,0,1,3458,2066,1550825619.6714413
804,a4a112f647,ritu raj,1,0,1,4033,1871,1537538995.6714413
805,a4a1133c47,vinay kumar upadhayay,1,0,0,0,1949,1538147153.6714413
806,a4a1138247,shekher,1,0,0,0,949,1543614177.6714413
807,a4a113c847,vinod,0,1,1,4070,374,1548132875.6714413
808,a4a1140e47,abhishek yadav,0,1,1,203,1611,1550286636.6714413
809,a4a1145447,abhishek yadav,0,0,0,0,1035,1539036427.6714413
810,a4a1149a47,manish khandelwal,0,0,0,0,1097,1540825692.6714413
811,a4a114e047,bir singh,0,0,1,4235,2471,1538626191.6714413
812,a4a1152647,ram niwas,0,0,0,0,2629,1542495296.6714413
813,a4a1157647,rajkumar saini s/o madan lal saini,0,0,0,0,1239,1542836304.6714413
814,a4a115bc47,rakesh,1,0,0,0,2940,1538766068.6714413
815,a4a1160247,mohd sajim,0,0,0,0,1116,1537499280.6714413
816,a4a1164847,shankarlal s/o sukharam,0,1,0,0,2172,1537431792.6714413
817,a4a1168e47,rahul sharma,1,0,1,3947,780,1552549564.6714413
818,a4a116d447,neeraj kishore,0,0,1,3904,821,1547558582.6714413
819,a4a1171a47,ishwar,0,0,0,0,2039,1543901331.6714413
820,a4a1176047,bilal,0,1,0,0,1582,1547043483.6714413
821,a4a117a647,ravi parkash solanki,1,1,1,3452,1583,1544261773.6714413
822,a4a117ec47,rohit kumar tiwari,1,0,0,0,1984,1548092470.6714413
823,a4a1183247,pramod,1,0,0,0,1292,1549186329.6714413
824,a4a1188247,manjeet kumar,0,1,0,0,2498,1541519305.6714413
825,a4a118c847,vimal kumar,1,0,1,1416,312,1538506048.6714413
826,a4a1190e47,vijay,0,0,1,462,1828,1547613649.6714413
827,a4a1195447,abbas mehndi,1,0,0,0,1839,1539589808.6714413
828,a4a1199a47,omprkash,0,0,0,0,1552,1550033788.6714413
829,a4a119e047,deepak rathore,0,0,1,1129,750,1539937954.6714413
830,a4a11a2647,masoom,0,1,0,0,1789,1539690406.6714413
831,a4a11a6c47,deepak kamat,0,1,0,0,983,1538569002.6714413
832,a4a11ab247,ajay @ ajju,1,1,1,1690,2468,1540738178.6714413
833,a4a11af847,abhishek,0,0,1,778,2546,1547478351.6714413
834,a4a11b3e47,toquir ali,1,0,0,0,249,1542991293.6714413
835,a4a11b8e47,shyam sundra,0,1,0,0,1300,1547821518.6714413
836,a4a11bd447,ankit,0,0,1,2991,210,1537887198.6714413
837,a4a11c1a47,sarthak dadwal,0,0,1,592,528,1541343202.6714413
838,a4a11c6047,armaan @ suvalin,1,0,0,0,2479,1546252044.6714413
839,a4a11ca647,kunal kishore,0,0,0,0,1753,1539743389.6714413
840,a4a11cec47,nabav shekh,0,0,1,3509,1000,1546033668.6714413
841,a4a11d3247,kasim ansari,0,1,1,1857,2623,1549946287.6714413
842,a4a11d8247,nitin parkash,0,0,0,0,2670,1541999498.6714413
843,a4a11dc847,deepak,0,0,1,1984,119,1548423884.6714413
844,a4a11e0e47,subin sugathan,1,0,0,0,581,1547466660.6714413
845,a4a11e5e47,mayur agarwal,1,0,0,0,202,1539941677.6714413
846,a4a11eae47,madan lal,0,0,0,0,621,1549564272.6714413
847,a4a11efe47,vinay kumar,0,0,1,1704,1066,1551294108.6714413
848,a4a11f4447,ghansyam soni,1,0,0,0,1247,1540861575.6714413
849,a4a11f8a47,ram dutt,1,0,0,0,123,1546525143.6714413
850,a4a11fd047,sanjeev sharma,0,0,0,0,2164,1549804284.6714413
851,a4a1201647,devender singh,0,0,1,888,1657,1542954826.6714413
852,a4a1206647,asharam,0,0,1,181,2382,1545854574.6714413
853,a4a120ac47,son pal@ sonu kumar,1,0,0,0,933,1549361572.6714413
854,a4a120fc47,badri prsad mishra,1,0,1,3359,2656,1539681103.6714413
855,a4a1214247,azad ali,1,1,0,0,1334,1544497318.6714413
856,a4a1219247,jorj vargees,1,1,0,0,1173,1546066723.6714413
857,a4a121d847,naresh adhikari,1,0,1,4502,1681,1545368608.6714413
858,a4a1221e47,deepu,0,0,1,2813,2849,1546938887.6714413
859,a4a1226447,pawan singh,0,1,1,4053,1818,1543471634.6714413
860,a4a122aa47,aashik,0,1,0,0,2254,1543353105.6714413
861,a4a122f047,amit kumar verma,0,0,1,2766,2839,1543351876.6714413
862,a4a1233647,subham @ vikash,1,1,1,3520,1166,1539963215.6714413
863,a4a1238647,sugodh kumar,0,0,0,0,2474,1550512439.6714413
864,a4a123cc47,ashok,0,0,0,0,2679,1550062334.6714413
865,a4a1241247,satish,0,0,1,218,838,1547558559.6714413
866,a4a1245847,sanjeev,1,0,0,0,2135,1541567010.6714413
867,a4a1249e47,munender singh,1,1,1,4776,2330,1542871266.6714413
868,a4a124e447,krishan kumar,1,1,0,0,1907,1542783511.6714413
869,a4a1253447,suraj,0,0,0,0,318,1541428808.6714413
870,a4a1257a47,ashutosh @ deepak,0,0,0,0,2801,1538149179.6714413
871,a4a125c047,rajkumar,0,0,1,1148,2694,1552169820.6714413
872,a4a1260647,saddam hussain,1,0,1,1656,291,1539393590.6714413
873,a4a1265647,harender,0,0,0,0,1332,1546198517.6714413
874,a4a1269c47,jay kumar,0,1,0,0,2630,1547030571.6714413
875,a4a126e247,mohd imran @ munna,1,1,1,1501,1425,1548283197.6714413
876,a4a1273247,amit,0,0,1,2520,927,1550979607.6714413
877,a4a1277847,shyam sunder,0,0,1,88,2069,1541595389.6714413
878,a4a127be47,parmod,1,1,0,0,2637,1552108899.6714413
879,a4a1280447,mangat singh,1,1,0,0,2066,1543482423.6714413
880,a4a1284a47,sanjeev,1,1,0,0,1306,1547587001.6714413
881,a4a1289047,aryan prateek,0,1,1,3131,669,1551186545.6714413
882,a4a128d647,rahul chauhan,0,0,0,0,2059,1549104814.6714413
883,a4a1292647,savan,0,1,0,0,1873,1540516643.6714413
884,a4a1296c47,mohd siwam,1,0,1,4426,2878,1550353737.6714413
885,a4a129b247,aarif,0,0,0,0,1267,1548756563.6714413
886,a4a129f847,rajender kumar,0,0,0,0,530,1547511814.6714413
887,a4a12a3e47,dinesh,0,0,1,174,1344,1544868625.6714413
888,a4a12a8447,manish @ mukesh,0,0,0,0,514,1540036127.6714413
889,a4a12aca47,ramesh singh negi,0,1,0,0,1931,1547769622.6714413
890,a4a12b1a47,patik@monu,0,1,1,1385,1076,1552051531.6714413
891,a4a12b6047,nand kishor,0,0,1,3271,1092,1545286024.6714413
892,a4a12ba647,rajeev luka,1,0,0,0,1317,1548109201.6714413
893,a4a12bec47,sarad raghuvansi,1,1,0,0,2140,1544579892.6714413
894,a4a12c3247,ram prakash,0,0,0,0,789,1541242305.6714413
895,a4a12c7847,sh pratap singh,0,0,0,0,1831,1551808685.6714413
896,a4a12cc847,liyakat ali,1,0,1,2357,1911,1542863650.6714413
897,a4a12d0e47,vicky,1,0,0,0,872,1542234350.6714413
898,a4a12d5447,bodh raj @kala,0,0,0,0,515,1544999070.6714413
899,a4a12d9a47,pankaj ratori,1,1,0,0,1639,1548986150.6714413
900,a4a12de047,leela dhar narang,0,1,0,0,2268,1544450130.6714413
901,a4a12e2647,devender,0,0,0,0,607,1546101545.6714413
902,a4a12e6c47,chanchal,0,0,1,237,2695,1551264099.6714413
903,a4a12eb247,abdul rehman,0,1,1,683,416,1541454302.6714413
904,a4a12ef847,shamshad,1,0,0,0,720,1541387106.6714413
905,a4a12f4847,bittu paswan,1,1,0,0,1267,1542687143.6714413
906,a4a12f8e47,shashank sharma,0,1,1,2077,2636,1544139431.6714413
907,a4a12fd447,hare chatiyan,0,1,0,0,2213,1539680182.6714413
908,a4a1302447,deepak,0,0,0,0,585,1551845385.6714413
909,a4a1306a47,vipulander,1,0,0,0,1321,1546791800.6714413
910,a4a130ba47,yogesh,0,0,1,2236,1730,1539330877.6714413
911,a4a1310047,abdul rahman,0,0,1,3038,2645,1544658267.6714413
912,a4a1314647,raju,0,0,1,963,1819,1550374195.6714413
913,a4a1318c47,khuma ram,0,1,1,3315,1869,1546821027.6714413
914,a4a131d247,naresh chand @ pappu,0,0,0,0,831,1545261447.6714413
915,a4a1321847,saurabh,1,0,0,0,230,1538200922.6714413
916,a4a1325e47,komal / kabila,0,1,1,2029,2515,1552275069.6714413
917,a4a132a447,vikash @ mungeri,0,0,1,291,1080,1547990729.6714413
918,a4a132ea47,deepak kumar mishra,1,0,0,0,2206,1551329144.6714413
919,a4a1333a47,piyush,0,1,0,0,2056,1540358460.6714413
920,a4a1338047,lakhan,1,0,0,0,1376,1545155150.6714413
921,a4a133c647,nadim,0,0,1,2483,1657,1544184216.6714413
922,a4a1340c47,sahdab,0,0,1,4602,813,1540270152.6714413
923,a4a1345247,deepak,0,0,1,3832,2379,1538234404.6714413
924,a4a1349847,tufel,0,0,0,0,352,1542379719.6714413
925,a4a134de47,tekchand,1,1,0,0,2942,1543317884.6714413
926,a4a1352447,ravi kumar,0,0,0,0,621,1537465830.6714413
927,a4a1356a47,bobby,0,0,1,2209,1391,1550899395.6714413
928,a4a135b047,pankaj,1,0,1,1402,2569,1552146007.6714413
929,a4a135f647,amit kumar,0,0,1,15,2344,1542085974.6714413
930,a4a1364647,tejvir,0,1,1,2877,871,1551495281.6714413
931,a4a1368c47,sachin kumar,0,0,0,0,1004,1547785288.6714413
932,a4a136d247,dilip,0,0,1,3352,2465,1538918104.6714413
933,a4a1371847,ravi shankar,0,1,0,0,1996,1548003899.6714413
934,a4a1375e47,deepak,0,0,0,0,2165,1544561596.6714413
935,a4a137a447,subodh,0,1,0,0,2466,1545287895.6714413
936,a4a137ea47,pramood,1,0,1,2708,924,1543643455.6714413
937,a4a1383047,dev,0,1,0,0,852,1538705044.6714413
938,a4a1388047,devender,0,0,0,0,1780,1552256922.6714413
939,a4a138c647,suresh@tinku,0,0,0,0,2231,1541127559.6714413
940,a4a1390c47,shri kant,1,0,0,0,1104,1537678101.6714413
941,a4a1395247,om parkash,0,0,1,1723,2448,1551157040.6714413
942,a4a1399847,muntiyaj,0,0,1,3975,1431,1550536095.6714413
943,a4a139de47,raja kumar,0,0,0,0,799,1548408962.6714413
944,a4a13a2447,chetan pandey,1,0,0,0,388,1539722923.6714413
945,a4a13a6a47,lilu,0,0,0,0,1349,1551932850.6714413
946,a4a13aba47,surjeet,0,0,1,4461,504,1549266604.6714413
947,a4a13b0047,dev,1,0,1,3083,733,1544097497.6714413
948,a4a13b4647,raju,1,0,1,2433,368,1550345769.6714413
949,a4a13b8c47,sunder lal,0,0,1,2704,1367,1550251774.6714413
950,a4a13bd247,aman bhatt,0,1,0,0,2285,1550636055.6714413
951,a4a13c1847,ratikant maghi,0,1,1,2471,2370,1551425153.6714413
952,a4a13c5e47,anil kumar,1,1,1,2796,989,1548095823.6714413
953,a4a13ca447,deva,1,1,1,92,1542,1545352874.6714413
954,a4a13cf447,firoz,0,0,0,0,1225,1545725692.6714413
955,a4a13d3a47,rahul,0,1,1,2841,2260,1539953666.6714413
956,a4a13d8047,dr. hema hari pago,0,1,1,2992,854,1543904478.6714413
957,a4a13dc647,raghuveer,1,0,0,0,640,1546148299.6714413
958,a4a13e0c47,dheeraj,0,0,1,1941,1789,1547672037.6714413
959,a4a13e5247,sardar sarbjeet singh,0,1,0,0,2392,1537778131.6714413
960,a4a13e9847,raman sharma,0,1,0,0,2672,1544730776.6714413
961,a4a13ede47,lalit rastogi,1,1,1,1884,386,1542069489.6714413
962,a4a13f2447,sita ram,0,0,1,3515,757,1539953655.6714413
963,a4a13f6a47,dharmbir singh,1,0,1,300,156,1543464525.6714413
964,a4a13fb047,krishan,0,0,0,0,1409,1551695942.6714413
965,a4a13ff647,ritik,0,0,0,0,785,1551172878.6714413
966,a4a1403c47,ketan,0,0,0,0,2651,1544816497.6714413
967,a4a1408247,angreg singh,1,0,0,0,842,1539500073.6714413
968,a4a140c847,dinesh,0,1,0,0,1479,1543218425.6714413
969,a4a1410e47,sitaram bairwa,0,1,1,4646,391,1550847151.6714413
970,a4a1415e47,rampati,1,1,0,0,2950,1551355145.6714413
971,a4a1419a47,rahul,0,0,0,0,1090,1539100721.6714413
972,a4a141ea47,karan bajaj,1,1,1,4368,2302,1552618466.6714413
973,a4a1423047,abhishek,0,0,1,4332,150,1549154890.6714413
974,a4a1427647,ramsurat,0,0,0,0,2543,1547206490.6714413
975,a4a142bc47,jitendra kumar,0,0,1,80,426,1544891008.6714413
976,a4a1430247,sanjeev,0,0,0,0,1464,1544093206.6714413
977,a4a1434847,lalit kumar,1,1,0,0,1476,1537478839.6714413
978,a4a1439847,jockyipai,0,0,1,3069,2606,1547209298.6714413
979,a4a143de47,aslam ali,0,0,0,0,2991,1538263301.6714413
980,a4a1442447,suraj kumar,0,1,1,1828,1183,1538242019.6714413
981,a4a1446a47,jitender,0,0,1,2926,674,1543806086.6714413
982,a4a144b047,murli dhar,0,0,0,0,2643,1543645696.6714413
983,a4a1450047,rehman khan,1,0,1,1436,2819,1544557477.6714413
984,a4a1454647,gurdarshan singh,0,0,0,0,2170,1542957479.6714413
985,a4a1458c47,ramsem,0,1,1,1496,468,1549467178.6714413
986,a4a145d247,shahrukh,0,0,1,2259,803,1539131755.6714413
987,a4a1461847,krishan gopal,0,0,0,0,1915,1539555079.6714413
988,a4a1465e47,aakash,0,0,1,658,1451,1542964007.6714413
989,a4a146a447,pardeep kumar,0,0,0,0,1525,1538115786.6714413
990,a4a146ea47,atul kumar,0,1,1,2091,2621,1539051459.6714413
991,a4a1474447,laxman,0,0,0,0,1453,1549735824.6714413
992,a4a1479447,shanwaz anwar,0,1,1,2409,1860,1545319250.6714413
993,a4a147da47,samsuddin,1,1,1,4204,234,1543419473.6714413
994,a4a1482047,jyoti prakash,1,0,0,0,866,1543217760.6714413
995,a4a1486647,ankit,0,0,0,0,2046,1541133024.6714413
996,a4a148ac47,sagar,1,0,0,0,2431,1552483583.6714413
997,a4a148f247,sourav @ sumit,0,1,1,752,2372,1547910337.6714413
998,a4a1493847,chain singh @ ravi,0,0,0,0,1402,1545716350.6714413
999,a4a1497e47,ravi @ rinkku,1,0,0,0,1394,1541471772.6714413
