ser_no,Id,name,ProductId,ProductAmount,Is_cod,Is_epay,Is_delivered,Is_cancelled,time
0,a4a0327847,barjraj,0,144825,0,1,0,1,1541395139.6714413
1,a4a033ea47,ramdin verma,1,78381,0,1,0,1,1552116676.6714413
2,a4a0345847,sharat chandran,2,10866,1,0,0,1,1541430058.6714413
3,a4a034a847,birender mandal,3,67087,1,0,1,0,1550775276.6714413
4,a4a034f847,amit,4,136345,0,1,1,0,1546450712.6714413
5,a4a0354847,kushal,5,957,1,0,1,0,1549761428.6714413
6,a4a0358e47,kasid,6,132849,0,1,0,1,1546745823.6714413
7,a4a035de47,shiv prakash,7,134035,1,0,1,0,1552046232.6714413
8,a4a0362447,vikram singh,8,1091,0,1,1,0,1538475527.6714413
9,a4a0366a47,sanjay,9,75413,1,0,1,0,1552674258.6714413
10,a4a036ba47,abhi,10,24586,1,0,0,1,1551421245.6714413
11,a4a0370047,ram dutt gupta,11,37346,1,0,0,1,1548903355.6714413
12,a4a0374647,khadak singh,12,133616,0,1,1,0,1544691611.6714413
13,a4a0378c47,gurmit singh,13,96176,0,1,1,0,1552202804.6714413
14,a4a037d247,chanderpal,14,146658,0,1,0,1,1551354220.6714413
15,a4a0381847,aman,15,1417,0,1,1,0,1541019354.6714413
16,a4a0385e47,khursid,16,91723,0,1,1,0,1542815794.6714413
17,a4a038a447,rajeev,17,136669,1,0,1,0,1545712553.6714413
18,a4a038ea47,durgesh,18,76932,0,1,0,1,1548218641.6714413
19,a4a0393047,nahar singh,19,91094,0,1,0,1,1551836330.6714413
20,a4a0397647,ram kumar,20,114436,0,1,1,0,1546904296.6714413
21,a4a039bc47,sunder paal,21,30310,0,1,1,0,1544776414.6714413
22,a4a03a0247,maansingh aswal,22,147077,0,1,0,1,1552470696.6714413
23,a4a03a4847,rohit,23,97081,1,0,0,1,1547838651.6714413
24,a4a03a8e47,rohit,24,104663,0,1,1,0,1547973557.6714413
25,a4a03ad447,sparsh,25,116704,1,0,1,0,1538316493.6714413
26,a4a03b1a47,santosh,26,87431,1,0,0,1,1539659335.6714413
27,a4a03b6a47,santosh,27,49717,0,1,1,0,1538898997.6714413
28,a4a03bb047,punit khandelwal,28,50084,0,1,1,0,1551663637.6714413
29,a4a03bf647,dinesh,29,5033,0,1,1,0,1540591640.6714413
30,a4a03c3c47,gulshan,30,62941,1,0,1,0,1542344161.6714413
31,a4a03c8247,arvind kumar yadav,31,37312,1,0,1,0,1549374509.6714413
32,a4a03cc847,nausad,32,114588,1,0,0,1,1545225854.6714413
33,a4a03d0e47,gurmit singh,33,37256,0,1,1,0,1541217393.6714413
34,a4a03d5447,md. afsar,34,128954,1,0,0,1,1542146419.6714413
35,a4a03d9a47,shiv shakti singh,35,134351,0,1,0,1,1539365476.6714413
36,a4a03de047,moti lal,36,124689,0,1,1,0,1546842684.6714413
37,a4a03e2647,kausal kumar,37,6397,0,1,0,1,1538050103.6714413
38,a4a03e6c47,rohit,38,90693,1,0,0,1,1538032999.6714413
39,a4a03eb247,rohit,39,69487,1,0,0,1,1540397404.6714413
40,a4a03f0247,mohabbat ali,40,80911,0,1,1,0,1541051094.6714413
41,a4a03f4847,raj kumar,41,69765,1,0,1,0,1545907917.6714413
42,a4a03f8e47,jaswant singh,42,89982,1,0,1,0,1545331788.6714413
43,a4a03fd447,sevak @ pitambar lal,43,73010,0,1,0,1,1552564594.6714413
44,a4a0401a47,chotelal,44,21156,0,1,0,1,1548794789.6714413
45,a4a0406047,amit,45,109554,1,0,1,0,1544793568.6714413
46,a4a040a647,rupesh,46,13109,1,0,0,1,1551976588.6714413
47,a4a040ec47,midda,47,3434,0,1,1,0,1543378110.6714413
48,a4a0413247,dharam singh,48,129048,0,1,0,1,1544811931.6714413
49,a4a0417847,manoj yadav @ manoj,49,37135,1,0,0,1,1546295631.6714413
50,a4a041be47,ram singh,50,134612,1,0,1,0,1538080402.6714413
51,a4a0420447,preetam kumar,51,139748,0,1,1,0,1550923997.6714413
52,a4a0424a47,ram kumar,52,78038,0,1,1,0,1551492213.6714413
53,a4a0429047,sarain,53,68844,0,1,1,0,1551201086.6714413
54,a4a042d647,pankaj kumar,54,29857,0,1,1,0,1537320850.6714413
55,a4a0432647,sheak shakir,55,32126,1,0,1,0,1546843114.6714413
56,a4a0436c47,riyasat ali,56,59811,1,0,1,0,1537661647.6714413
57,a4a043b247,vinit katariya,57,55098,1,0,1,0,1539085630.6714413
58,a4a043f847,sumit,58,79378,0,1,0,1,1551847652.6714413
59,a4a0443e47,arindra,59,73854,1,0,0,1,1549703098.6714413
60,a4a0448447,kali charan,60,116917,1,0,1,0,1539600019.6714413
61,a4a044ca47,badshya khan,61,90841,1,0,1,0,1548655392.6714413
62,a4a0451047,vikash,62,31115,0,1,0,1,1538517265.6714413
63,a4a0455647,devinder chadda,63,87559,0,1,1,0,1537385421.6714413
64,a4a0459c47,aman,64,78664,0,1,1,0,1538136319.6714413
65,a4a045e247,mohan singh,65,22156,1,0,0,1,1548950100.6714413
66,a4a0463247,hemant,66,32998,1,0,1,0,1547612909.6714413
67,a4a0467847,shivam,67,126555,0,1,1,0,1549201436.6714413
68,a4a046be47,yash mittal,68,54811,0,1,1,0,1537478275.6714413
69,a4a0470447,aakash,69,94952,1,0,1,0,1542099678.6714413
70,a4a0474a47,chandesh,70,128832,1,0,0,1,1546131537.6714413
71,a4a0479047,sumit mitra,71,44180,1,0,0,1,1539158363.6714413
72,a4a047d647,supriyal sen,72,17805,0,1,1,0,1539490017.6714413
73,a4a0482647,gajender singh @ goldy,73,20986,1,0,1,0,1538898914.6714413
74,a4a0486c47,pooran chand sharma,74,41608,0,1,1,0,1548683765.6714413
75,a4a048b247,irfan,75,99061,0,1,1,0,1547698549.6714413
76,a4a048f847,azaruddin,76,72309,0,1,0,1,1543826193.6714413
77,a4a0494847,mukul yadav,77,26836,1,0,1,0,1552355631.6714413
78,a4a0498e47,pooran chand sharma,78,23172,0,1,1,0,1551687504.6714413
79,a4a049d447,manoj,79,86716,1,0,1,0,1544551525.6714413
80,a4a04a1a47,sanjay charee,80,140273,0,1,1,0,1543740281.6714413
81,a4a04a6047,raja babu,81,5102,0,1,1,0,1542821707.6714413
82,a4a04aa647,pawan,82,38672,1,0,1,0,1550678665.6714413
83,a4a04aec47,sandeep,83,134474,0,1,1,0,1552066321.6714413
84,a4a04b3247,rajkumar chawla,84,71949,1,0,1,0,1546316732.6714413
85,a4a04b7847,parvesh,85,5505,1,0,1,0,1543330247.6714413
86,a4a04bbe47,mohd ataullah,86,6097,1,0,1,0,1539400854.6714413
87,a4a04c0447,neeraj kumar,87,2571,0,1,0,1,1543835046.6714413
88,a4a04c4a47,jamil khan,88,129628,0,1,1,0,1550890969.6714413
89,a4a04c9047,yogita,89,88612,0,1,0,1,1545822681.6714413
90,a4a04cd647,rijul aggarwal,90,121667,0,1,0,1,1538551973.6714413
91,a4a04d1c47,mohd shakib,91,46370,0,1,1,0,1547067318.6714413
92,a4a04d6247,rahul kumar,92,19665,1,0,1,0,1548757459.6714413
93,a4a04da847,rajender,93,74928,0,1,0,1,1543683361.6714413
94,a4a04dee47,suraj,94,22376,0,1,1,0,1548582658.6714413
95,a4a04e3447,rizwan,95,77601,0,1,1,0,1547812639.6714413
96,a4a04e7a47,sandeep,96,141449,1,0,0,1,1538953147.6714413
97,a4a04ec047,md mustafa,97,139556,0,1,1,0,1547059660.6714413
98,a4a04f0647,har parsad,98,329,0,1,1,0,1545473251.6714413
99,a4a04f4c47,deepak,99,102377,1,0,1,0,1539352873.6714413
100,a4a04f9247,rahul,100,20411,0,1,1,0,1552625252.6714413
101,a4a04fd847,abhishekh,101,117610,0,1,0,1,1542110975.6714413
102,a4a0501e47,shelender yadav,102,115857,0,1,1,0,1547588000.6714413
103,a4a0506447,sanjay,103,118054,1,0,0,1,1546977359.6714413
104,a4a050aa47,ankit,104,91336,1,0,0,1,1537890400.6714413
105,a4a050fa47,mohd aakib,105,3701,1,0,1,0,1541084006.6714413
106,a4a0514047,surender singh chauhan,106,99797,1,0,1,0,1539408042.6714413
107,a4a0518647,amit,107,9712,0,1,0,1,1542527968.6714413
108,a4a051cc47,arjun,108,36267,0,1,1,0,1546783534.6714413
109,a4a0521247,rahul sharma,109,31481,1,0,1,0,1551203176.6714413
110,a4a0525847,keshar ansari,110,91814,0,1,1,0,1542950828.6714413
111,a4a0529e47,raju @ chhotu,111,54024,0,1,1,0,1545734290.6714413
112,a4a052e447,kuldeep singh,112,119534,0,1,1,0,1542557574.6714413
113,a4a0532a47,santlal@golu,113,114508,0,1,1,0,1537310438.6714413
114,a4a0537047,lalit rana,114,71567,0,1,1,0,1549401337.6714413
115,a4a053b647,pulkit sharma,115,14602,1,0,1,0,1537560039.6714413
116,a4a053fc47,aman soni @ badal,116,38612,0,1,1,0,1550888393.6714413
117,a4a0544247,jahoor ahmed meer,117,13623,1,0,1,0,1546590969.6714413
118,a4a0548847,sumit,118,68089,1,0,1,0,1541927988.6714413
119,a4a054ce47,tammanne,119,3513,1,0,1,0,1545877929.6714413
120,a4a0551447,kailash kumar,120,23174,1,0,1,0,1549502566.6714413
121,a4a0555a47,bhagwati prasad,121,63414,1,0,0,1,1547107197.6714413
122,a4a055a047,ajay,122,82532,0,1,1,0,1547711260.6714413
123,a4a055e647,silender,123,13455,1,0,1,0,1547161711.6714413
124,a4a0562c47,deepak,124,120207,0,1,0,1,1552024731.6714413
125,a4a0567247,akhilesh,125,103766,1,0,1,0,1540452177.6714413
126,a4a056b847,dipendra kumar,126,66174,0,1,1,0,1548473996.6714413
127,a4a056fe47,nitin,127,61215,0,1,0,1,1551820489.6714413
128,a4a0574e47,doodhnath pandit,128,33960,1,0,0,1,1542075678.6714413
129,a4a0579447,aslam allam,129,116193,0,1,1,0,1537890529.6714413
130,a4a057da47,rahul,130,103064,0,1,0,1,1543572432.6714413
131,a4a0582047,jitender kumar,131,16822,1,0,1,0,1547302703.6714413
132,a4a0586647,adnan,132,117592,0,1,1,0,1539892724.6714413
133,a4a058ac47,vijay,133,120274,1,0,1,0,1543888417.6714413
134,a4a058f247,yogesh,134,58869,1,0,0,1,1539037708.6714413
135,a4a0593847,kabir,135,58532,0,1,1,0,1538738208.6714413
136,a4a0597e47,sarvesh,136,127119,0,1,0,1,1544113906.6714413
137,a4a059c447,rakesh sarkar,137,31663,1,0,0,1,1550827986.6714413
138,a4a05a0a47,akash gupta,138,116693,1,0,0,1,1547914098.6714413
139,a4a05a5047,rahul,139,134276,0,1,0,1,1537496682.6714413
140,a4a05a9647,pintu thakur,140,36563,0,1,0,1,1540113363.6714413
141,a4a05adc47,vivek,141,89070,1,0,0,1,1539748426.6714413
142,a4a05b2247,mohd khairul,142,35075,1,0,1,0,1543871487.6714413
143,a4a05b6847,farmaan khan,143,71854,1,0,1,0,1537542628.6714413
144,a4a05bae47,vansu dev,144,65693,0,1,1,0,1544189446.6714413
145,a4a05bf447,vansu dev,145,77435,1,0,1,0,1545186651.6714413
146,a4a05c3a47,shyam kumar,146,55044,0,1,0,1,1549312714.6714413
147,a4a05c8047,shafibul,147,49940,0,1,1,0,1550935140.6714413
148,a4a05cc647,lalit kathuriya,148,135412,0,1,1,0,1549255783.6714413
149,a4a05d0c47,pooran chand,149,32436,1,0,1,0,1552583814.6714413
150,a4a05d5247,aamir hussain,150,85716,0,1,1,0,1538379647.6714413
151,a4a05d9847,kamal jit singh,151,117156,1,0,0,1,1552512531.6714413
152,a4a05dde47,shiv kumar,152,73441,0,1,1,0,1547018693.6714413
153,a4a05e2447,mayank chaudhary @ rahul,153,102270,1,0,0,1,1538439405.6714413
154,a4a05e6a47,rohit,154,144799,1,0,1,0,1548252328.6714413
155,a4a05eb047,som dutt,155,6470,1,0,1,0,1541227719.6714413
156,a4a05ef647,bablu regar,156,26246,1,0,0,1,1551215671.6714413
157,a4a05f3c47,rohit,157,104056,0,1,0,1,1552331510.6714413
158,a4a05f8247,rajkumar,158,148296,0,1,1,0,1548969498.6714413
159,a4a05fc847,mubarik,159,39818,1,0,1,0,1538632625.6714413
160,a4a0600e47,niraj,160,144188,0,1,0,1,1539802767.6714413
161,a4a0605447,sarbjeet @ ronak,161,27892,0,1,1,0,1550705631.6714413
162,a4a0609a47,axat,162,99477,0,1,1,0,1549667071.6714413
163,a4a060e047,amit,163,8908,0,1,1,0,1548707045.6714413
164,a4a0612647,anubhav shrivastab,164,146160,1,0,1,0,1539550672.6714413
165,a4a0617647,akkash,165,116490,1,0,1,0,1545963333.6714413
166,a4a061b247,himanshu,166,112471,1,0,0,1,1552692838.6714413
167,a4a061f847,harsh dagar,167,65851,1,0,1,0,1544832393.6714413
168,a4a0623e47,anil kumar,168,122196,1,0,0,1,1545142527.6714413
169,a4a0628447,vijay virmani,169,4617,1,0,1,0,1549708133.6714413
170,a4a062d447,vivek auhari,170,57049,1,0,0,1,1537819801.6714413
171,a4a0631a47,sachin,171,92525,1,0,1,0,1542356065.6714413
172,a4a0636047,subhash chand bhatia,172,26396,1,0,1,0,1538217516.6714413
173,a4a063a647,bhupender,173,13105,0,1,0,1,1543035706.6714413
174,a4a063ec47,raghunandan das,174,76458,0,1,1,0,1552023549.6714413
175,a4a0643247,sanjay,175,36659,0,1,1,0,1550569118.6714413
176,a4a0647847,ajay kumar,176,19794,1,0,0,1,1549413621.6714413
177,a4a064be47,yognder,177,36423,0,1,1,0,1549675702.6714413
178,a4a0650e47,subhash,178,100704,0,1,1,0,1550930754.6714413
179,a4a0655447,arun @ vicky,179,108230,0,1,0,1,1545687560.6714413
180,a4a0659a47,rahul,180,101057,0,1,1,0,1540387553.6714413
181,a4a065e047,vikas,181,25680,0,1,1,0,1538270254.6714413
182,a4a0662647,vinod,182,25878,1,0,0,1,1552155240.6714413
183,a4a0666c47,salman,183,20199,0,1,1,0,1550615397.6714413
184,a4a066b247,mohan kumar,184,58165,1,0,1,0,1541087271.6714413
185,a4a066f847,sandeep meghawal,185,46016,1,0,1,0,1549670664.6714413
186,a4a0673e47,imamudeen,186,92330,1,0,1,0,1551694916.6714413
187,a4a0678447,sandeep kumar,187,36504,0,1,1,0,1549912911.6714413
188,a4a067d447,tarjan,188,1915,1,0,0,1,1538973212.6714413
189,a4a0681a47,kuldeep singh,189,131345,1,0,1,0,1539246972.6714413
190,a4a0686047,murari,190,44827,0,1,1,0,1543275668.6714413
191,a4a068a647,ramvilash,191,146973,0,1,0,1,1546333448.6714413
192,a4a068ec47,jagdish,192,105368,0,1,0,1,1545972931.6714413
193,a4a0693247,vishal @ moni,193,9788,0,1,0,1,1546045412.6714413
194,a4a0697847,mohd shahid,194,20141,0,1,1,0,1548656870.6714413
195,a4a069c847,ramvilash,195,117316,0,1,0,1,1544596276.6714413
196,a4a06a0e47,kuldeep,196,58293,0,1,0,1,1538739094.6714413
197,a4a06a5447,talim,197,134695,1,0,0,1,1537682099.6714413
198,a4a06a9a47,nanku prasad,198,143146,0,1,1,0,1540666685.6714413
199,a4a06ae047,bhola sarkar,199,88110,1,0,0,1,1538516909.6714413
200,a4a06b2647,balraj,200,91179,1,0,0,1,1540344211.6714413
201,a4a06b6c47,ravindra kumar,201,91630,0,1,1,0,1538746559.6714413
202,a4a06bb247,rohit kumar,202,37253,0,1,1,0,1543021544.6714413
203,a4a06bf847,uttam kumar @ sanki,203,83153,1,0,1,0,1550433875.6714413
204,a4a06c3e47,babalu sen,204,25167,0,1,0,1,1538947615.6714413
205,a4a06c8447,rustam shah,205,133680,0,1,0,1,1551948424.6714413
206,a4a06cca47,sukhdev,206,141560,0,1,0,1,1545983717.6714413
207,a4a06d1047,b vikjay kumar,207,57085,1,0,0,1,1548583239.6714413
208,a4a06d5647,dolly @ rekha w/o monto shah,208,64060,1,0,1,0,1550828144.6714413
209,a4a06d9c47,gopal sharma,209,117484,0,1,1,0,1551146534.6714413
210,a4a06de247,beeru,210,69585,1,0,1,0,1542520699.6714413
211,a4a06e2847,vipin,211,96107,1,0,1,0,1541376127.6714413
212,a4a06e6e47,manish garg,212,72902,1,0,1,0,1539195665.6714413
213,a4a06eb447,guddu,213,106126,0,1,1,0,1545121898.6714413
214,a4a06f0447,jatin @ sonu,214,28125,1,0,1,0,1545675533.6714413
215,a4a06f4a47,amit kumar,215,446,0,1,1,0,1550550900.6714413
216,a4a06f9047,amit kumar,216,11795,1,0,1,0,1541183356.6714413
217,a4a06fd647,shadab,217,54980,1,0,0,1,1537285070.6714413
218,a4a0701c47,rakesh,218,51775,0,1,1,0,1551285248.6714413
219,a4a0706247,guddu,219,32181,0,1,1,0,1552311611.6714413
220,a4a070a847,abhishek,220,87390,0,1,1,0,1539594378.6714413
221,a4a070ee47,gulfam,221,41533,1,0,1,0,1551100459.6714413
222,a4a0713447,phoolwati @ phoolo devi,222,129074,0,1,1,0,1540889836.6714413
223,a4a0717a47,mohit maan,223,14139,1,0,0,1,1552186370.6714413
224,a4a071c047,veer bhan singh,224,76442,1,0,1,0,1550777436.6714413
225,a4a0720647,dinesh kumar,225,105300,1,0,0,1,1538093926.6714413
226,a4a0724c47,amarjeet,226,148846,0,1,1,0,1538066117.6714413
227,a4a0729c47,satyadev,227,103242,0,1,0,1,1548141097.6714413
228,a4a072e247,mohd. mukhtaar,228,129040,1,0,1,0,1540940216.6714413
229,a4a0731e47,rishi,229,115416,0,1,0,1,1551360232.6714413
230,a4a0736447,esrail khan,230,139973,1,0,1,0,1540793045.6714413
231,a4a073aa47,suresh kumar,231,90741,0,1,1,0,1552374737.6714413
232,a4a073f047,pankaj chand,232,69678,0,1,1,0,1544061498.6714413
233,a4a0743647,ajay narayan,233,148698,1,0,0,1,1546321673.6714413
234,a4a0748647,mohit @ himanshu,234,99289,1,0,1,0,1539277045.6714413
235,a4a074cc47,sumit,235,43101,0,1,1,0,1541398085.6714413
236,a4a0751247,saddam,236,41017,1,0,0,1,1547017240.6714413
237,a4a0755847,nikhleshwar bhagat,237,146923,0,1,0,1,1541809569.6714413
238,a4a0759e47,jai singh,238,67669,1,0,1,0,1540243883.6714413
239,a4a075e447,deepak,239,85210,1,0,1,0,1543034554.6714413
240,a4a0762a47,sunil kumar,240,105068,0,1,1,0,1549061917.6714413
241,a4a0767047,ram kishan,241,134248,0,1,1,0,1539409310.6714413
242,a4a076b647,arun,242,140247,1,0,0,1,1542599009.6714413
243,a4a076fc47,virender,243,13761,1,0,1,0,1551306948.6714413
244,a4a0774247,bishun,244,102826,1,0,1,0,1542679587.6714413
245,a4a0778847,pritam singh,245,137625,1,0,1,0,1544743302.6714413
246,a4a077ce47,akash gupta,246,2344,0,1,1,0,1542917927.6714413
247,a4a0781447,kishan,247,113626,0,1,0,1,1541844099.6714413
248,a4a0785a47,mohd kausar,248,85503,1,0,1,0,1540655997.6714413
249,a4a078a047,sachin,249,122575,0,1,1,0,1549766275.6714413
250,a4a078e647,harman singh,250,62357,0,1,0,1,1549250332.6714413
251,a4a0792c47,deepak,251,104457,0,1,1,0,1544900135.6714413
252,a4a0797247,rajbir,252,9950,0,1,1,0,1552562539.6714413
253,a4a079b847,vinod lal,253,17030,0,1,0,1,1546883149.6714413
254,a4a07a0847,,254,94187,1,0,1,0,1551432816.6714413
255,a4a07a4e47,chander shaker,255,131905,1,0,1,0,1542707249.6714413
256,a4a07a9447,krishan,256,58785,0,1,0,1,1548907007.6714413
257,a4a07ada47,ram ji,257,122963,1,0,1,0,1550644552.6714413
258,a4a07b2047,jony,258,94339,1,0,1,0,1537855227.6714413
259,a4a07b6647,mohammad ali,259,136101,1,0,1,0,1545270690.6714413
260,a4a07bac47,ashok kumar s/o,260,124927,0,1,1,0,1548873445.6714413
261,a4a07bf247,ravinder @ bacchi,261,79498,1,0,1,0,1539833928.6714413
262,a4a07c3847,amit,262,91385,0,1,1,0,1542226610.6714413
263,a4a07c7e47,guman singh basyal,263,119219,0,1,1,0,1543113723.6714413
264,a4a07cce47,amardeep,264,78614,1,0,1,0,1549531445.6714413
265,a4a07d1447,jagdish,265,109727,0,1,1,0,1550981340.6714413
266,a4a07d5a47,bharat,266,48432,0,1,1,0,1548597176.6714413
267,a4a07da047,azaz,267,82759,1,0,1,0,1543869138.6714413
268,a4a07de647,raja kumar,268,90805,0,1,1,0,1538974437.6714413
269,a4a07e2c47,parveen,269,52629,1,0,1,0,1549288487.6714413
270,a4a07e7247,mahabir prasad,270,6770,0,1,1,0,1549663785.6714413
271,a4a07eb847,kartik @ kaku,271,38600,0,1,1,0,1545697384.6714413
272,a4a07efe47,shubham yadav,272,41024,0,1,0,1,1543713425.6714413
273,a4a07f4447,yogesh,273,141112,1,0,1,0,1546654725.6714413
274,a4a07f8a47,madan,274,21152,0,1,0,1,1547614723.6714413
275,a4a07fda47,rashid,275,107416,1,0,1,0,1540846974.6714413
276,a4a0802047,jitender,276,107315,1,0,1,0,1549143897.6714413
277,a4a0806647,pawan kumar,277,138167,1,0,1,0,1540831044.6714413
278,a4a080ac47,vivek,278,59115,1,0,1,0,1550783949.6714413
279,a4a080f247,pintu kumar,279,2670,0,1,1,0,1542554495.6714413
280,a4a0813847,deep,280,111048,1,0,1,0,1550599030.6714413
281,a4a0817e47,dharmbir,281,17518,0,1,0,1,1546394432.6714413
282,a4a081ce47,rishi kakdia,282,14111,1,0,1,0,1539569356.6714413
283,a4a0821447,kunal @ kannu,283,148701,0,1,0,1,1548118805.6714413
284,a4a0825a47,arman ansari,284,13777,0,1,0,1,1539608024.6714413
285,a4a082a047,avinsh,285,1951,0,1,1,0,1545942042.6714413
286,a4a082e647,karan,286,81907,0,1,0,1,1538472500.6714413
287,a4a0832c47,sandeep kumar,287,18233,1,0,1,0,1545189351.6714413
288,a4a0837247,sagar,288,60035,1,0,1,0,1552381653.6714413
289,a4a083b847,nikhil,289,62947,0,1,1,0,1549149867.6714413
290,a4a083fe47,raman,290,59019,1,0,1,0,1545529966.6714413
291,a4a0844e47,sujen manjhi,291,9113,1,0,1,0,1543806073.6714413
292,a4a0848a47,abhijeet,292,107235,0,1,0,1,1546533408.6714413
293,a4a084da47,anshu,293,97994,0,1,1,0,1551362167.6714413
294,a4a0852047,sahil,294,66242,1,0,0,1,1541900344.6714413
295,a4a0856647,aditya som,295,35941,0,1,1,0,1543154657.6714413
296,a4a085ac47,gaurav,296,101802,0,1,1,0,1547454108.6714413
297,a4a085f247,raja kumar,297,103132,0,1,1,0,1545103475.6714413
298,a4a0863847,sunil,298,25307,1,0,1,0,1542182498.6714413
299,a4a0867e47,ravi kumar,299,10886,1,0,0,1,1538155902.6714413
300,a4a086c447,shankar kumar,300,84402,1,0,0,1,1540295400.6714413
301,a4a0870a47,vishvash,301,33582,1,0,1,0,1546989467.6714413
302,a4a0875047,sonia,302,102168,0,1,1,0,1548924691.6714413
303,a4a0879647,santosh,303,99360,0,1,0,1,1547183696.6714413
304,a4a087dc47,kayamuddin,304,31388,0,1,0,1,1545878056.6714413
305,a4a0882247,rohit kumar,305,87300,0,1,0,1,1544427780.6714413
306,a4a0886847,nandkishore karpenter,306,143513,1,0,0,1,1548593697.6714413
307,a4a088b847,lala bhai,307,143763,1,0,1,0,1539986031.6714413
308,a4a088fe47,kishan rai,308,146255,0,1,1,0,1551852830.6714413
309,a4a0894e47,mahender kumar,309,78311,0,1,0,1,1546293608.6714413
310,a4a0899447,deepak,310,134203,1,0,1,0,1551510076.6714413
311,a4a089da47,mohd afzal,311,80032,0,1,1,0,1550307892.6714413
312,a4a08a2047,satender,312,123735,0,1,1,0,1546452785.6714413
313,a4a08a6647,shiv prasad singh,313,141910,1,0,1,0,1540781194.6714413
314,a4a08aac47,mobin,314,27782,0,1,1,0,1541956738.6714413
315,a4a08af247,khokan sarkar,315,129600,1,0,1,0,1543066537.6714413
316,a4a08b3847,vikash,316,6161,0,1,1,0,1540967365.6714413
317,a4a08b7e47,krisana braman,317,83660,0,1,1,0,1542424797.6714413
318,a4a08bce47,vipol,318,120592,0,1,1,0,1539861108.6714413
319,a4a08c1447,sanjay,319,5102,0,1,1,0,1540061345.6714413
320,a4a08c5a47,mohd miraj ansari,320,70983,0,1,1,0,1540621811.6714413
321,a4a08ca047,rajmani,321,59256,0,1,0,1,1538958660.6714413
322,a4a08ce647,harbir  singh,322,9570,0,1,0,1,1542168497.6714413
323,a4a08d2c47,mohan,323,82757,0,1,0,1,1550671809.6714413
324,a4a08d7247,farid,324,136170,1,0,1,0,1551389565.6714413
325,a4a08db847,yuvraj kumar,325,73353,1,0,1,0,1537421111.6714413
326,a4a08dfe47,charan jeet singh,326,49830,1,0,1,0,1547480858.6714413
327,a4a08e4e47,satish kumar,327,123445,1,0,0,1,1550863327.6714413
328,a4a08e9447,gappu,328,118474,1,0,1,0,1546741839.6714413
329,a4a08eda47,nazeem,329,74604,1,0,1,0,1537745896.6714413
330,a4a08f2047,aamir,330,74727,1,0,1,0,1544967994.6714413
331,a4a08f6647,vivek sharma,331,55542,1,0,0,1,1548114220.6714413
332,a4a08fac47,sandeep,332,90115,0,1,0,1,1548715272.6714413
333,a4a08ff247,gutam,333,73783,0,1,1,0,1537315354.6714413
334,a4a0903847,prakul,334,92185,1,0,0,1,1548905776.6714413
335,a4a0907e47,birjesh,335,131868,0,1,1,0,1544001220.6714413
336,a4a090c447,sahil tigga,336,62755,1,0,1,0,1542842842.6714413
337,a4a0910a47,girishi chand,337,89553,1,0,0,1,1547962243.6714413
338,a4a0915a47,pavan sharma,338,32559,1,0,1,0,1541343581.6714413
339,a4a091a047,ikramuddin,339,124956,1,0,1,0,1543058902.6714413
340,a4a091e647,sajan,340,42108,0,1,1,0,1549727350.6714413
341,a4a0922c47,molu,341,110390,1,0,1,0,1541231104.6714413
342,a4a0927247,dilawar,342,33502,0,1,1,0,1540089778.6714413
343,a4a092b847,naval kishore,343,92094,0,1,0,1,1545507956.6714413
344,a4a092fe47,sanjay,344,17313,0,1,0,1,1545564919.6714413
345,a4a0934447,ajahar,345,146359,0,1,1,0,1547415437.6714413
346,a4a0939447,sanjeev,346,142052,0,1,1,0,1552610260.6714413
347,a4a093da47,raman ralhan,347,5201,1,0,1,0,1552178211.6714413
348,a4a0942047,raman ralhan,348,75297,1,0,1,0,1539084067.6714413
349,a4a0946647,rohit,349,5028,1,0,1,0,1547053584.6714413
350,a4a094ac47,prem chand,350,139484,1,0,1,0,1539368064.6714413
351,a4a094f247,sandhaya,351,33700,1,0,1,0,1548275964.6714413
352,a4a0953847,ashish,352,94533,0,1,1,0,1543807138.6714413
353,a4a0957e47,irfan,353,103112,1,0,0,1,1543482416.6714413
354,a4a095c447,jang bahadur,354,30578,1,0,0,1,1550562266.6714413
355,a4a0961447,om parkash ahuja,355,82054,1,0,0,1,1550488171.6714413
356,a4a0965a47,kamre alam,356,137510,0,1,1,0,1549836394.6714413
357,a4a096a047,md. raju,357,103100,1,0,0,1,1546387609.6714413
358,a4a096e647,dinesh,358,66807,1,0,1,0,1549917814.6714413
359,a4a0972c47,satpal,359,87692,1,0,0,1,1549431073.6714413
360,a4a0977247,ram pyare,360,86885,1,0,1,0,1541336799.6714413
361,a4a097b847,suraj singh,361,18111,0,1,1,0,1546745051.6714413
362,a4a0980847,ashfaq,362,63254,1,0,1,0,1544578572.6714413
363,a4a0984e47,shaid,363,83130,1,0,1,0,1538061371.6714413
364,a4a0989447,vikas gupta,364,133859,1,0,1,0,1546072040.6714413
365,a4a098da47,vijay singh,365,112150,1,0,0,1,1541796828.6714413
366,a4a0992047,hari ram,366,108602,0,1,0,1,1541545632.6714413
367,a4a0996647,manoj kumar,367,46797,1,0,1,0,1537742689.6714413
368,a4a099ac47,parash das,368,81975,1,0,1,0,1550867072.6714413
369,a4a099f247,mehraj,369,30212,1,0,0,1,1538172490.6714413
370,a4a09a3847,chetan,370,142208,0,1,1,0,1539217522.6714413
371,a4a09a7e47,bhanwar lal,371,30899,1,0,0,1,1542029735.6714413
372,a4a09ace47,sanavvar,372,96826,0,1,1,0,1547441508.6714413
373,a4a09b1447,rahul sharma,373,92416,0,1,1,0,1546538169.6714413
374,a4a09b5a47,mustaq,374,35369,1,0,1,0,1540979473.6714413
375,a4a09ba047,ramkaran verma,375,21844,1,0,1,0,1549217320.6714413
376,a4a09be647,mukhtyar hussain,376,30211,0,1,1,0,1540619596.6714413
377,a4a09c2c47,vakil,377,84207,0,1,1,0,1543923948.6714413
378,a4a09c7247,bilal malik,378,31055,0,1,0,1,1548359359.6714413
379,a4a09cb847,radheshyam sen,379,63422,0,1,0,1,1544049548.6714413
380,a4a09cfe47,mukesh,380,72838,1,0,1,0,1552452583.6714413
381,a4a09d4e47,sunil kumar,381,146684,1,0,1,0,1547138464.6714413
382,a4a09d9447,sunny,382,79153,0,1,0,1,1548097141.6714413
383,a4a09dda47,jitender rajak,383,26601,1,0,1,0,1538303371.6714413
384,a4a09e2047,brahamprakash s/o meer singh,384,80607,1,0,0,1,1544507694.6714413
385,a4a09e6647,raju singh,385,61940,1,0,1,0,1537660700.6714413
386,a4a09eac47,sobit saini,386,91530,0,1,1,0,1551071750.6714413
387,a4a09ef247,inder dutt,387,127611,0,1,0,1,1545010216.6714413
388,a4a09f3847,shakir,388,60451,0,1,1,0,1550475550.6714413
389,a4a09f7e47,haseen ahmed,389,21883,0,1,0,1,1537643429.6714413
390,a4a09fce47,kiran,390,132289,0,1,0,1,1542456554.6714413
391,a4a0a01447,gulam rashul,391,129251,1,0,1,0,1551050948.6714413
392,a4a0a05a47,rajan,392,2713,1,0,1,0,1551957023.6714413
393,a4a0a0a047,ayush,393,118191,1,0,1,0,1538735884.6714413
394,a4a0a0e647,suraj,394,28382,1,0,1,0,1540432437.6714413
395,a4a0a12c47,sehboob,395,17336,0,1,1,0,1540450368.6714413
396,a4a0a17247,sanjay kumar s/o,396,96450,1,0,1,0,1551055632.6714413
397,a4a0a1b847,manish,397,9897,0,1,1,0,1551213580.6714413
398,a4a0a20847,amit kumar yadav,398,35534,0,1,1,0,1548071176.6714413
399,a4a0a24e47,divaraj,399,122191,0,1,1,0,1550339143.6714413
400,a4a0a29447,kamlesh,400,116401,1,0,1,0,1548080944.6714413
401,a4a0a2da47,rajiv bagoriya,401,68260,0,1,1,0,1544372895.6714413
402,a4a0a32047,abhinav chaudhary,402,38321,0,1,1,0,1549800507.6714413
403,a4a0a37047,rahul,403,38779,1,0,1,0,1546790356.6714413
404,a4a0a3b647,"devender singh s/o shrinath r/o kh. no. 72/1, utsa",404,15015,0,1,1,0,1540442523.6714413
405,a4a0a3fc47,azruddin,405,19385,0,1,1,0,1551905079.6714413
406,a4a0a44247,sanjay kumar @ pappu,406,39740,1,0,1,0,1544560847.6714413
407,a4a0a48847,mushir ahmed,407,32444,1,0,0,1,1552139589.6714413
408,a4a0a4ce47,vibhuti shyamal,408,44971,1,0,1,0,1547967847.6714413
409,a4a0a51447,inderjeet,409,80903,1,0,0,1,1541962156.6714413
410,a4a0a55a47,sanjay,410,90605,1,0,1,0,1538512582.6714413
411,a4a0a5a047,golu,411,132256,1,0,1,0,1544407945.6714413
412,a4a0a5f047,lokesh,412,75456,0,1,1,0,1545364158.6714413
413,a4a0a63647,rajkumar,413,116789,1,0,1,0,1547735747.6714413
414,a4a0a67c47,neeraj kandari,414,32750,0,1,0,1,1550093021.6714413
415,a4a0a6c247,mukul verma,415,138307,1,0,1,0,1541914427.6714413
416,a4a0a70847,rijakpal,416,66863,0,1,1,0,1537592132.6714413
417,a4a0a74e47,jai kishan,417,123534,1,0,0,1,1541239150.6714413
418,a4a0a79447,munna lal jain,418,122740,1,0,0,1,1540646701.6714413
419,a4a0a7da47,jai prakash kashyap,419,123053,1,0,1,0,1545922355.6714413
420,a4a0a82047,jai prakash kashyap,420,48174,0,1,1,0,1551842110.6714413
421,a4a0a86647,shishram,421,80968,0,1,1,0,1549208258.6714413
422,a4a0a8ac47,parveen aggarwal,422,78978,1,0,0,1,1549316768.6714413
423,a4a0a8f247,pramod paswan,423,44201,0,1,1,0,1542806126.6714413
424,a4a0a94247,ajit,424,123929,1,0,1,0,1537542796.6714413
425,a4a0a98847,deelip,425,46331,1,0,0,1,1552299177.6714413
426,a4a0a9ce47,deelip,426,107808,1,0,1,0,1550889712.6714413
427,a4a0aa1447,rahul,427,24998,0,1,1,0,1539089614.6714413
428,a4a0aa5a47,aaftaab husan,428,34178,0,1,0,1,1541067963.6714413
429,a4a0aaa047,monu,429,71801,0,1,0,1,1541024417.6714413
430,a4a0aae647,ramesh,430,5777,0,1,1,0,1547136659.6714413
431,a4a0ab2c47,sawan gupta,431,80423,1,0,1,0,1540249645.6714413
432,a4a0ab7247,munna lal,432,132120,1,0,1,0,1541001442.6714413
433,a4a0abc247,saurabh,433,67834,0,1,0,1,1551311731.6714413
434,a4a0ac0847,sarvesh kumar pandey,434,131062,0,1,0,1,1548744602.6714413
435,a4a0ac4e47,avdhesh,435,113492,1,0,1,0,1545991229.6714413
436,a4a0ac9447,sohnal kumar singh,436,129373,1,0,0,1,1541990458.6714413
437,a4a0acda47,najar hussan,437,37653,1,0,0,1,1542289241.6714413
438,a4a0ad2047,raman @ rancho,438,82571,0,1,1,0,1542487851.6714413
439,a4a0ad6647,lavtar singh,439,130289,1,0,0,1,1538395604.6714413
440,a4a0adac47,nanak chand,440,3559,0,1,1,0,1540004450.6714413
441,a4a0adf247,harprasad sahu,441,129677,1,0,1,0,1546507192.6714413
442,a4a0ae3847,vikas kumar,442,106928,1,0,1,0,1548000599.6714413
443,a4a0ae7e47,ashsish kumar,443,26343,1,0,1,0,1550953333.6714413
444,a4a0aec447,rajesh singh,444,148607,1,0,0,1,1548307853.6714413
445,a4a0af1447,ashu,445,39433,1,0,0,1,1540984911.6714413
446,a4a0af5a47,manjeet,446,45569,1,0,0,1,1550230395.6714413
447,a4a0afa047,jaipal,447,30454,0,1,0,1,1546617789.6714413
448,a4a0afe647,jalil ansari,448,27721,0,1,1,0,1549135749.6714413
449,a4a0b02c47,deepak verma,449,129479,0,1,0,1,1550170256.6714413
450,a4a0b07247,kasim,450,895,0,1,1,0,1539489415.6714413
451,a4a0b0b847,monu kumar,451,87994,0,1,1,0,1544499310.6714413
452,a4a0b0fe47,shankar kumar,452,105285,1,0,1,0,1549097350.6714413
453,a4a0b14447,manish kumar saket,453,137092,0,1,1,0,1540874323.6714413
454,a4a0b18a47,vijay,454,88145,1,0,1,0,1545180280.6714413
455,a4a0b1da47,udham,455,113736,0,1,0,1,1542878472.6714413
456,a4a0b22047,saurabh s/o,456,115632,1,0,0,1,1545042918.6714413
457,a4a0b26647,ayush,457,39178,0,1,1,0,1551490361.6714413
458,a4a0b2ac47,ravinder,458,100133,0,1,0,1,1539594161.6714413
459,a4a0b2f247,rahul,459,84290,1,0,0,1,1541503069.6714413
460,a4a0b33847,narayan gadri,460,3668,0,1,1,0,1550523252.6714413
461,a4a0b37e47,lakshman nath,461,79194,1,0,1,0,1547057041.6714413
462,a4a0b3c447,rahul,462,7464,0,1,1,0,1545328229.6714413
463,a4a0b40a47,rohit,463,78503,1,0,1,0,1544863372.6714413
464,a4a0b45047,ajay,464,76068,1,0,1,0,1546026543.6714413
465,a4a0b49647,sachin kumar,465,68988,1,0,0,1,1539938865.6714413
466,a4a0b4dc47,shahid,466,97702,1,0,1,0,1548792142.6714413
467,a4a0b52c47,amarjeet,467,36584,1,0,1,0,1549533366.6714413
468,a4a0b57247,munna @ ravi jaiswal,468,19065,0,1,1,0,1541840900.6714413
469,a4a0b5b847,ishtkar,469,24565,1,0,0,1,1539330835.6714413
470,a4a0b5fe47,harish chand,470,79769,1,0,0,1,1549227742.6714413
471,a4a0b64447,puneet jain,471,3226,0,1,1,0,1542356976.6714413
472,a4a0b69447,abhishekh,472,10740,0,1,1,0,1544852143.6714413
473,a4a0b6da47,rashab,473,51452,1,0,1,0,1551774087.6714413
474,a4a0b72047,amit kumar shukla,474,27286,0,1,1,0,1552049761.6714413
475,a4a0b76647,vinod,475,144756,1,0,1,0,1547130559.6714413
476,a4a0b7ac47,praful naag,476,73884,0,1,1,0,1539156861.6714413
477,a4a0b7f247,tarachand @ pappu,477,96561,0,1,1,0,1539892965.6714413
478,a4a0b83847,deepak rana,478,103419,0,1,1,0,1539406016.6714413
479,a4a0b87e47,puran singh rastogi,479,107884,0,1,1,0,1552646059.6714413
480,a4a0b8c447,narender,480,108533,0,1,1,0,1539538577.6714413
481,a4a0b91447,lal babu prasad,481,18540,0,1,0,1,1540854968.6714413
482,a4a0b95a47,dinesh,482,881,1,0,1,0,1543220582.6714413
483,a4a0b9a047,rakesh,483,29106,1,0,1,0,1544009871.6714413
484,a4a0ba5447,ankush,484,96056,1,0,1,0,1539802319.6714413
485,a4a0baa447,kuldeep,485,9721,0,1,0,1,1550320406.6714413
486,a4a0baea47,lal chand,486,45394,1,0,0,1,1542563343.6714413
487,a4a0bb3047,vivek,487,49383,1,0,1,0,1546376235.6714413
488,a4a0bb7647,pankaj,488,28146,0,1,0,1,1544983623.6714413
489,a4a0bbbc47,sanjay,489,147088,0,1,1,0,1552707080.6714413
490,a4a0bc0c47,kiran pal,490,14719,1,0,1,0,1546577867.6714413
491,a4a0bc4847,ranveer singh,491,94168,1,0,0,1,1548360086.6714413
492,a4a0bc9847,anwar,492,138662,1,0,0,1,1537291625.6714413
493,a4a0bcde47,sadab urf golu,493,135222,1,0,1,0,1548854396.6714413
494,a4a0bd2447,gorav,494,28261,1,0,1,0,1550821332.6714413
495,a4a0bd6a47,raj kumar @ raju,495,142369,1,0,1,0,1547101377.6714413
496,a4a0bdb047,jitender,496,69189,0,1,1,0,1549757761.6714413
497,a4a0bdf647,laxmikant @kaka,497,5489,1,0,1,0,1551462794.6714413
498,a4a0be3c47,narayan parsad bhushal,498,76299,0,1,1,0,1549489890.6714413
499,a4a0be8247,abbas,499,46850,1,0,1,0,1546156678.6714413
500,a4a0bed247,avinash,500,112962,0,1,1,0,1539069902.6714413
501,a4a0bf1847,ravish,501,52916,1,0,0,1,1548462742.6714413
502,a4a0bf5e47,hukum chand,502,81419,1,0,0,1,1552471460.6714413
503,a4a0bfa447,pappu @ mahender singh,503,103408,1,0,1,0,1543142182.6714413
504,a4a0bfea47,akash tomer,504,141863,1,0,1,0,1543729463.6714413
505,a4a0c03047,mahesh chand tiwari,505,106577,1,0,1,0,1541251022.6714413
506,a4a0c07647,rekhai,506,45640,1,0,0,1,1540859554.6714413
507,a4a0c0c647,gajender kumar,507,55036,1,0,1,0,1539293656.6714413
508,a4a0c10c47,vashudev,508,21327,1,0,1,0,1539184787.6714413
509,a4a0c15247,bhanwar singh,509,65338,0,1,0,1,1549431305.6714413
510,a4a0c19847,amit kumar,510,113773,1,0,0,1,1549579541.6714413
511,a4a0c1de47,surender sain,511,63003,0,1,0,1,1545265209.6714413
512,a4a0c22447,akshay kumar,512,1758,1,0,1,0,1544516993.6714413
513,a4a0c26a47,goldy,513,73812,1,0,1,0,1537739387.6714413
514,a4a0c2b047,satyender @ kalu,514,120554,1,0,0,1,1552277313.6714413
515,a4a0c2f647,devender,515,97766,0,1,1,0,1552505587.6714413
516,a4a0c33c47,veer,516,72830,1,0,0,1,1540051458.6714413
517,a4a0c38247,ankush @ shera,517,117073,0,1,0,1,1545163448.6714413
518,a4a0c3c847,mohd. amir,518,120281,1,0,1,0,1550631116.6714413
519,a4a0c40e47,babloo,519,91233,1,0,0,1,1550810342.6714413
520,a4a0c45447,bhavesh dass,520,147346,1,0,0,1,1544208128.6714413
521,a4a0c49a47,gourav,521,82104,0,1,1,0,1543196442.6714413
522,a4a0c4e047,sunil,522,117860,0,1,0,1,1542948890.6714413
523,a4a0c52647,guddu rai,523,132035,1,0,1,0,1542230340.6714413
524,a4a0c56c47,yogesh rawat,524,36708,0,1,1,0,1549314226.6714413
525,a4a0c5b247,amarapal,525,7749,0,1,0,1,1538814973.6714413
526,a4a0c5f847,rajesh agarwal,526,15995,1,0,0,1,1541389258.6714413
527,a4a0c63e47,tara singh rawat,527,108923,1,0,0,1,1544938686.6714413
528,a4a0c68447,momin,528,17527,1,0,1,0,1551142440.6714413
529,a4a0c6ca47,parnav kumar,529,22867,1,0,1,0,1547379445.6714413
530,a4a0c71047,neeraj kumar,530,91937,1,0,1,0,1551484888.6714413
531,a4a0c75647,parminder,531,18902,0,1,0,1,1548597754.6714413
532,a4a0c7a647,mustafa,532,97884,1,0,0,1,1539579352.6714413
533,a4a0c7ec47,ajay haldar,533,42360,1,0,1,0,1543361513.6714413
534,a4a0c83247,sanjay,534,127838,1,0,1,0,1539337417.6714413
535,a4a0c87847,dharmender,535,136031,1,0,1,0,1548275850.6714413
536,a4a0c8be47,gaurav sethi,536,130150,1,0,0,1,1543170975.6714413
537,a4a0c90447,suresh,537,118567,1,0,1,0,1541812703.6714413
538,a4a0c94a47,rohit,538,25011,1,0,1,0,1547253883.6714413
539,a4a0c99047,dinesh,539,60966,0,1,1,0,1549784844.6714413
540,a4a0c9d647,sachin kumar,540,110056,1,0,1,0,1543806907.6714413
541,a4a0ca1c47,sagar,541,63455,1,0,1,0,1545068189.6714413
542,a4a0ca6247,vipin,542,3806,0,1,0,1,1538890850.6714413
543,a4a0caa847,parth madan,543,131492,0,1,0,1,1544129828.6714413
544,a4a0caee47,kuldeep,544,53836,0,1,1,0,1547777292.6714413
545,a4a0cb3447,abhimanyu,545,36918,1,0,0,1,1540768048.6714413
546,a4a0cb8447,pawan kumar @ sonu,546,6420,1,0,1,0,1537290465.6714413
547,a4a0cbca47,rohan,547,75098,0,1,1,0,1551869727.6714413
548,a4a0cc1047,raju garg,548,20134,1,0,1,0,1537352825.6714413
549,a4a0cc5647,samir mishra,549,26993,0,1,0,1,1542544337.6714413
550,a4a0cc9c47,ram dayal,550,41504,1,0,0,1,1539012937.6714413
551,a4a0cce247,jagdish chand,551,55928,0,1,1,0,1549612644.6714413
552,a4a0cd2847,kanheya,552,18977,1,0,1,0,1543942067.6714413
553,a4a0cd6e47,deepak,553,124040,1,0,1,0,1540376863.6714413
554,a4a0cdb447,mushrraf,554,79878,1,0,1,0,1550126716.6714413
555,a4a0cdfa47,prem,555,118209,1,0,0,1,1544386160.6714413
556,a4a0ce4047,pardeep kumar,556,48436,1,0,0,1,1545193721.6714413
557,a4a0ce8647,monu,557,65285,0,1,1,0,1547353389.6714413
558,a4a0cecc47,pawan,558,46346,1,0,1,0,1537360852.6714413
559,a4a0cf1247,manoj kumar,559,73216,0,1,1,0,1541816148.6714413
560,a4a0cf6247,deepak,560,2267,0,1,0,1,1542246280.6714413
561,a4a0cfa847,nithyanandham,561,82453,0,1,1,0,1544842763.6714413
562,a4a0cfee47,deepak goyal,562,36728,0,1,1,0,1547012811.6714413
563,a4a0d03447,sunil ladkani,563,149653,1,0,1,0,1538616738.6714413
564,a4a0d07a47,ajay,564,124423,0,1,1,0,1544227980.6714413
565,a4a0d0c047,gopal,565,141680,1,0,1,0,1551757997.6714413
566,a4a0d10647,vivek,566,39823,0,1,0,1,1542128938.6714413
567,a4a0d14c47,mahavir,567,76929,1,0,1,0,1545908040.6714413
568,a4a0d19247,indra sain,568,34688,1,0,0,1,1547042852.6714413
569,a4a0d1d847,soni,569,144558,1,0,1,0,1538284580.6714413
570,a4a0d21e47,arun kumar,570,69390,1,0,0,1,1543026020.6714413
571,a4a0d26e47,ashok sharma,571,121876,0,1,0,1,1540005818.6714413
572,a4a0d2b447,veer singh,572,50597,1,0,1,0,1548649874.6714413
573,a4a0d2fa47,aman dahiya,573,112013,1,0,1,0,1540909472.6714413
574,a4a0d34047,pawan,574,10427,1,0,1,0,1544588964.6714413
575,a4a0d38647,laxmi narayan,575,111542,0,1,0,1,1545479311.6714413
576,a4a0d3cc47,vikram dubey,576,8825,1,0,1,0,1542477132.6714413
577,a4a0d41247,rima,577,66458,1,0,0,1,1537720542.6714413
578,a4a0d45847,suraj,578,3045,0,1,0,1,1546308461.6714413
579,a4a0d49e47,virender,579,38775,1,0,1,0,1542596164.6714413
580,a4a0d4e447,tara singh rawat,580,128688,1,0,0,1,1549262584.6714413
581,a4a0d52a47,ramjan khan,581,3782,0,1,0,1,1551500172.6714413
582,a4a0d57047,sunder,582,41503,1,0,1,0,1543658354.6714413
583,a4a0d5b647,omparkash,583,98626,0,1,0,1,1537703522.6714413
584,a4a0d5fc47,saddam,584,49335,0,1,1,0,1540687003.6714413
585,a4a0d64247,alok tiwari,585,135812,1,0,1,0,1551697706.6714413
586,a4a0d68847,vude bhadur,586,130712,0,1,1,0,1539216516.6714413
587,a4a0d6ce47,prem singh bidla,587,38640,0,1,1,0,1551331106.6714413
588,a4a0d71447,chetanya swaroop,588,135206,0,1,1,0,1550959395.6714413
589,a4a0d76447,pinkoo @ guddu,589,82081,0,1,1,0,1549479164.6714413
590,a4a0d7aa47,shardanand,590,52187,1,0,1,0,1537812701.6714413
591,a4a0d7f047,vikash,591,143281,1,0,1,0,1540248188.6714413
592,a4a0d83647,henkhochon haokip,592,79320,0,1,0,1,1544080356.6714413
593,a4a0d87c47,gaurav shankar,593,129711,0,1,1,0,1537661993.6714413
594,a4a0d8c247,shsi kant,594,109093,0,1,1,0,1546684892.6714413
595,a4a0d90847,md. tavrej,595,122645,0,1,1,0,1543652273.6714413
596,a4a0d94e47,amrudin,596,88115,0,1,1,0,1537325373.6714413
597,a4a0d99447,shahnawaz,597,5228,0,1,0,1,1548536173.6714413
598,a4a0d9da47,brij raj,598,145522,0,1,0,1,1541585801.6714413
599,a4a0da2047,aman kumar,599,114760,1,0,1,0,1552762491.6714413
600,a4a0da6647,dinesh,600,88014,0,1,1,0,1549813389.6714413
601,a4a0daac47,vijay kumar,601,116364,1,0,1,0,1550195708.6714413
602,a4a0daf247,baban @ suresh,602,19990,0,1,0,1,1545085349.6714413
603,a4a0db3847,subham kumar yadav,603,133414,0,1,1,0,1543463872.6714413
604,a4a0db8847,sapna,604,65690,0,1,0,1,1541350445.6714413
605,a4a0dbce47,surendra,605,135544,0,1,1,0,1538361203.6714413
606,a4a0dc1447,naveen,606,138586,0,1,1,0,1549469851.6714413
607,a4a0dc5a47,ram niwas,607,148013,1,0,1,0,1546782103.6714413
608,a4a0dca047,amar,608,103838,1,0,1,0,1547315040.6714413
609,a4a0dce647,nanhu khan,609,63834,0,1,1,0,1551747789.6714413
610,a4a0dd2c47,kishan,610,48982,0,1,0,1,1546523900.6714413
611,a4a0dd7247,dharmender,611,78977,1,0,0,1,1539651464.6714413
612,a4a0ddb847,raja ram,612,131040,0,1,1,0,1539128505.6714413
613,a4a0ddfe47,rishab,613,56827,0,1,1,0,1540209124.6714413
614,a4a0de4447,ziyabul,614,45784,0,1,1,0,1552053648.6714413
615,a4a0de8a47,jag mohan,615,29885,1,0,1,0,1541786529.6714413
616,a4a0ded047,devender,616,15922,1,0,0,1,1547952512.6714413
617,a4a0df1647,ritu raj kumar,617,3213,0,1,1,0,1537758004.6714413
618,a4a0df6647,manoj kumar,618,83965,0,1,1,0,1549049649.6714413
619,a4a0dfac47,raj kapoor,619,71040,0,1,1,0,1546405529.6714413
620,a4a0dff247,arvind agarwal @ pinto,620,87908,0,1,1,0,1541712835.6714413
621,a4a0e03847,rajbir ahlawat,621,19697,1,0,1,0,1550703999.6714413
622,a4a0e07e47,mohd faijan,622,106518,0,1,1,0,1552030930.6714413
623,a4a0e0c447,suraj,623,91440,1,0,1,0,1538416499.6714413
624,a4a0e10a47,shyama,624,121313,0,1,1,0,1551010973.6714413
625,a4a0e15047,mohd. firoz,625,2857,0,1,0,1,1538254039.6714413
626,a4a0e19647,jagdish,626,83210,1,0,0,1,1539497191.6714413
627,a4a0e1dc47,bhag chand,627,92818,0,1,1,0,1547608982.6714413
628,a4a0e22247,sachin,628,4555,0,1,1,0,1548764762.6714413
629,a4a0e26847,parbhat,629,56382,1,0,1,0,1542383934.6714413
630,a4a0e2ae47,aamod & pramod,630,60596,1,0,1,0,1542783992.6714413
631,a4a0e2f447,chander shekhar,631,7771,1,0,1,0,1540581892.6714413
632,a4a0e33a47,nanagram,632,123165,1,0,1,0,1546138464.6714413
633,a4a0e38a47,gautam,633,146566,0,1,0,1,1540934785.6714413
634,a4a0e3d047,mohan,634,71248,1,0,1,0,1542224431.6714413
635,a4a0e41647,govind,635,23391,0,1,1,0,1549765733.6714413
636,a4a0e45c47,raja babu,636,9168,0,1,1,0,1552677407.6714413
637,a4a0e4a247,pramjot singh,637,98396,1,0,1,0,1537447068.6714413
638,a4a0e4e847,abhinav vashit,638,105924,0,1,0,1,1544200665.6714413
639,a4a0e52e47,usha,639,121315,0,1,1,0,1552267886.6714413
640,a4a0e57447,vivek chabra,640,29528,1,0,0,1,1548482846.6714413
641,a4a0e5ba47,ashish,641,144715,0,1,1,0,1537908183.6714413
642,a4a0e60047,ankit,642,130266,1,0,0,1,1548859188.6714413
643,a4a0e64647,harish chand,643,16287,0,1,1,0,1539492883.6714413
644,a4a0e68c47,nootan prakash yadav,644,46508,1,0,1,0,1540922597.6714413
645,a4a0e6d247,surender,645,71317,0,1,0,1,1548664729.6714413
646,a4a0e72247,chhotelal,646,21108,1,0,1,0,1543657215.6714413
647,a4a0e76847,karan,647,110989,1,0,1,0,1541781225.6714413
648,a4a0e7ae47,karan,648,95440,1,0,1,0,1537535227.6714413
649,a4a0e7f447,abdul kadir,649,8133,1,0,1,0,1544135847.6714413
650,a4a0e83a47,vikas kumar,650,139025,0,1,1,0,1549747574.6714413
651,a4a0e88047,sambhu,651,9274,1,0,1,0,1551739533.6714413
652,a4a0e8c647,bablu,652,78867,1,0,1,0,1546051528.6714413
653,a4a0e90c47,bablu,653,111589,1,0,1,0,1551499090.6714413
654,a4a0e95247,rajender @ kaku,654,38495,0,1,1,0,1547629815.6714413
655,a4a0e99847,ram ldaike,655,19184,0,1,1,0,1548943040.6714413
656,a4a0e9de47,raju,656,91769,1,0,1,0,1541166502.6714413
657,a4a0ea2447,yasib,657,89992,0,1,0,1,1546573893.6714413
658,a4a0ea6a47,sone lal shah,658,66481,0,1,0,1,1550343773.6714413
659,a4a0eab047,manoj kumar,659,80238,1,0,1,0,1539831729.6714413
660,a4a0eb0047,chhotu harijan,660,63665,0,1,0,1,1538522459.6714413
661,a4a0eb4647,sushant,661,58859,0,1,0,1,1543482009.6714413
662,a4a0eb8c47,om prakash,662,34551,0,1,0,1,1550063999.6714413
663,a4a0ebd247,manish kumar,663,87353,1,0,1,0,1543745506.6714413
664,a4a0ec1847,adersen,664,90137,1,0,1,0,1547607183.6714413
665,a4a0ec5e47,mukesh kumar yogi,665,134619,1,0,0,1,1543470367.6714413
666,a4a0eca447,ramesh,666,6546,1,0,1,0,1546204510.6714413
667,a4a0ecea47,sagar,667,31042,0,1,1,0,1543859050.6714413
668,a4a0ed3047,amit,668,19755,0,1,1,0,1539217148.6714413
669,a4a0ed7647,gautam kumar,669,42544,1,0,0,1,1543687768.6714413
670,a4a0edc647,raj kumar,670,40191,0,1,1,0,1549261325.6714413
671,a4a0ee0c47,hardeep @ hunny,671,126697,1,0,1,0,1545212313.6714413
672,a4a0ee5247,rohit kumar,672,142922,0,1,1,0,1546634036.6714413
673,a4a0ee9847,himanshu,673,51993,1,0,1,0,1547511330.6714413
674,a4a0eede47,fitrat,674,96991,1,0,1,0,1549017809.6714413
675,a4a0ef2447,pankaj saini,675,64182,1,0,0,1,1537217813.6714413
676,a4a0ef6a47,manish sehrawat,676,95450,1,0,1,0,1548539100.6714413
677,a4a0efb047,krishan,677,2673,0,1,1,0,1541286382.6714413
678,a4a0eff647,ravi chandra natarajan,678,49513,1,0,1,0,1538011648.6714413
679,a4a0f03c47,karunakar dehra,679,145780,1,0,1,0,1545576233.6714413
680,a4a0f08247,somdath,680,129395,1,0,0,1,1542478039.6714413
681,a4a0f0d247,shiva,681,142823,0,1,1,0,1546355484.6714413
682,a4a0f10e47,rajeev jha,682,113757,1,0,1,0,1541216093.6714413
683,a4a0f15e47,vishal,683,125145,1,0,1,0,1542147291.6714413
684,a4a0f1a447,mukesh soni,684,105935,1,0,1,0,1547540543.6714413
685,a4a0f1ea47,ashok kharkwal,685,107813,0,1,1,0,1552508302.6714413
686,a4a0f23047,raj kumar,686,94824,0,1,1,0,1545080277.6714413
687,a4a0f27647,iswar sharan,687,140568,1,0,1,0,1544359320.6714413
688,a4a0f2bc47,maj- koko khaing,688,52547,1,0,1,0,1550837291.6714413
689,a4a0f30247,manni @ manish,689,132043,0,1,1,0,1539896908.6714413
690,a4a0f34847,sonu,690,10150,0,1,0,1,1540682503.6714413
691,a4a0f38e47,amrit patel,691,61733,0,1,0,1,1546563538.6714413
692,a4a0f3d447,tausin,692,60908,0,1,1,0,1552693875.6714413
693,a4a0f41a47,rajveer,693,143617,0,1,0,1,1543857653.6714413
694,a4a0f46047,rupesh rathor,694,29377,1,0,0,1,1547725493.6714413
695,a4a0f4a647,dinesh singh rana,695,99873,0,1,1,0,1548634281.6714413
696,a4a0f4ec47,bhrat narayn,696,66485,0,1,1,0,1546347696.6714413
697,a4a0f53247,annu,697,55263,0,1,1,0,1548577776.6714413
698,a4a0f58247,ombir singh,698,107759,1,0,1,0,1540897380.6714413
699,a4a0f5c847,ombir singh,699,64840,0,1,1,0,1537530579.6714413
700,a4a0f60e47,anand,700,26775,1,0,0,1,1552586694.6714413
701,a4a0f65447,rajesh kumar,701,30681,1,0,0,1,1545968011.6714413
702,a4a0f69a47,varun chandela,702,73015,0,1,1,0,1546944582.6714413
703,a4a0f6e047,rahul,703,54535,0,1,1,0,1549178646.6714413
704,a4a0f72647,yameen,704,139611,1,0,0,1,1537558132.6714413
705,a4a0f76c47,ravi singh,705,75265,0,1,0,1,1544557681.6714413
706,a4a0f7b247,jitendra singh,706,115181,1,0,0,1,1545930322.6714413
707,a4a0f80247,vivek,707,68443,1,0,1,0,1548092733.6714413
708,a4a0f84847,iarfan mohammad,708,64419,1,0,0,1,1545994575.6714413
709,a4a0f88e47,raj kumar,709,42943,0,1,1,0,1550854156.6714413
710,a4a0f8d447,mukesh,710,79110,0,1,1,0,1541569266.6714413
711,a4a0f91a47,sahil,711,142531,0,1,0,1,1549479618.6714413
712,a4a0f96047,vasim,712,70313,0,1,0,1,1544136212.6714413
713,a4a0f9a647,gaurav kumar,713,32229,1,0,1,0,1537577175.6714413
714,a4a0f9ec47,prateek kumar tiwari,714,36583,0,1,1,0,1541246731.6714413
715,a4a0fa3247,birju,715,29141,1,0,1,0,1539347702.6714413
716,a4a0fa7847,pradeep,716,21432,0,1,0,1,1552749660.6714413
717,a4a0fabe47,raghubir singh,717,61527,1,0,1,0,1552516962.6714413
718,a4a0fb0e47,ayub khan,718,37192,1,0,1,0,1549453221.6714413
719,a4a0fb5447,ram jatan,719,73832,0,1,1,0,1546449105.6714413
720,a4a0fba447,azhar  ali,720,93474,1,0,1,0,1547854710.6714413
721,a4a0fbea47,tufail,721,77585,1,0,1,0,1538543467.6714413
722,a4a0fc3047,parveen,722,46723,1,0,1,0,1549949501.6714413
723,a4a0fc7647,afridi,723,34765,0,1,1,0,1543033616.6714413
724,a4a0fcc647,tahir,724,71559,1,0,1,0,1541443431.6714413
725,a4a0fd0c47,ankit tiwari,725,100904,1,0,1,0,1541714134.6714413
726,a4a0fd5247,ravi,726,43824,0,1,0,1,1551009422.6714413
727,a4a0fd9847,abhay,727,104210,0,1,1,0,1546144201.6714413
728,a4a0fdde47,anuj tiwari,728,35151,1,0,0,1,1547820475.6714413
729,a4a0fe2447,vipiv malkania,729,54401,1,0,0,1,1542163142.6714413
730,a4a0fe6a47,inderpal,730,110084,1,0,1,0,1549772564.6714413
731,a4a0feb047,dinesh singh,731,101030,1,0,1,0,1549178748.6714413
732,a4a0fef647,suraj,732,99596,1,0,0,1,1546992690.6714413
733,a4a0ff3c47,sanjit misra,733,63897,1,0,0,1,1543777948.6714413
734,a4a0ff8247,aasto,734,90425,0,1,0,1,1542113364.6714413
735,a4a0ffc847,charan singh,735,24592,1,0,0,1,1550369377.6714413
736,a4a1000e47,dhansinghpuri,736,136406,0,1,1,0,1538211524.6714413
737,a4a1005e47,chottu shah,737,12213,0,1,1,0,1548668318.6714413
738,a4a100a447,ram chander jha,738,8736,0,1,1,0,1541928941.6714413
739,a4a100ea47,arjun,739,103550,1,0,0,1,1544603210.6714413
740,a4a1013047,nirmal,740,9144,1,0,0,1,1542874112.6714413
741,a4a1018047,niranjan,741,25395,0,1,1,0,1551141237.6714413
742,a4a101c647,mantu kumar,742,1478,1,0,1,0,1544369896.6714413
743,a4a1020c47,saurabh,743,146743,0,1,1,0,1546056301.6714413
744,a4a1025247,firakat ali,744,18448,0,1,1,0,1550234891.6714413
745,a4a1029847,ajay,745,103032,0,1,1,0,1540567957.6714413
746,a4a102de47,sagar,746,113457,1,0,1,0,1538040545.6714413
747,a4a1032447,ashshwer parsad,747,3857,0,1,1,0,1547242889.6714413
748,a4a1036a47,akash,748,144746,1,0,1,0,1538159991.6714413
749,a4a103b047,andhav,749,33248,1,0,1,0,1539531775.6714413
750,a4a103f647,akhil kumar,750,26938,1,0,1,0,1547142369.6714413
751,a4a1043c47,ranbir,751,89396,0,1,1,0,1543062216.6714413
752,a4a1048247,amit,752,10578,1,0,1,0,1544245534.6714413
753,a4a104c847,inderjeet mandal,753,3016,1,0,1,0,1542546617.6714413
754,a4a1050e47,sikandar,754,8045,0,1,1,0,1549107641.6714413
755,a4a1055e47,arjun singh,755,92151,1,0,1,0,1545891302.6714413
756,a4a105a447,vishal mishra,756,69734,1,0,1,0,1546770846.6714413
757,a4a105ea47,dalip shah,757,120543,0,1,1,0,1542964557.6714413
758,a4a1063047,mohd. jafruddin,758,73590,1,0,1,0,1540852652.6714413
759,a4a1067647,satnosh,759,38104,1,0,1,0,1544094313.6714413
760,a4a106bc47,sohan lal,760,26780,1,0,0,1,1543029550.6714413
761,a4a1070247,vinod kumar,761,62049,0,1,0,1,1548461297.6714413
762,a4a1075247,dinesh singh,762,42309,0,1,0,1,1540977396.6714413
763,a4a1079847,ajay kumar,763,55179,1,0,0,1,1550815256.6714413
764,a4a107de47,pawan,764,146468,0,1,1,0,1543329790.6714413
765,a4a1082447,aasish  kumar,765,108257,1,0,1,0,1537656992.6714413
766,a4a1086a47,tavinder kumar,766,142206,1,0,1,0,1538584078.6714413
767,a4a108ba47,laxman,767,28409,1,0,0,1,1544061884.6714413
768,a4a1090047,milan,768,35311,0,1,1,0,1540893348.6714413
769,a4a1094647,harishankar verma,769,74100,1,0,1,0,1552447126.6714413
770,a4a1098c47,rahul,770,87173,0,1,1,0,1548360147.6714413
771,a4a109d247,manish,771,36342,0,1,1,0,1546622916.6714413
772,a4a10a1847,arun,772,1266,1,0,1,0,1539876062.6714413
773,a4a10a5e47,sri kant,773,70422,1,0,0,1,1545772912.6714413
774,a4a10aa447,radheyshyam saini,774,146207,0,1,1,0,1550143448.6714413
775,a4a10aea47,mohit,775,114744,0,1,0,1,1544993009.6714413
776,a4a10b3a47,damanjeet singh,776,105462,0,1,1,0,1552625039.6714413
777,a4a10b8047,sameer,777,38293,0,1,1,0,1552610157.6714413
778,a4a10bc647,bhushan sahay,778,38196,0,1,1,0,1547476701.6714413
779,a4a10c0c47,ramesh kumar,779,77741,0,1,0,1,1538546803.6714413
780,a4a10c5247,samadh,780,27013,1,0,0,1,1539643982.6714413
781,a4a10c9847,malkeet singh,781,100734,1,0,0,1,1542161682.6714413
782,a4a10cde47,sachin,782,101277,1,0,0,1,1545867392.6714413
783,a4a10d2447,uma shankar,783,148220,1,0,1,0,1546876556.6714413
784,a4a10d6a47,kamla prasad,784,50075,1,0,0,1,1546739005.6714413
785,a4a10db047,mukesh,785,10852,0,1,1,0,1547999564.6714413
786,a4a10df647,mohd. iqbal,786,46749,1,0,1,0,1552729638.6714413
787,a4a10e3c47,sachin,787,57089,1,0,1,0,1547436124.6714413
788,a4a10e8247,tikku,788,129673,1,0,1,0,1546434046.6714413
789,a4a10ed247,deepak,789,3984,1,0,1,0,1546189051.6714413
790,a4a10f1847,vikash,790,64293,1,0,0,1,1543382276.6714413
791,a4a10f5e47,janesh,791,95574,0,1,0,1,1538024301.6714413
792,a4a10fa447,satender,792,39362,0,1,1,0,1551170816.6714413
793,a4a10fea47,lakshya chauhan @ lucky,793,111584,0,1,0,1,1546468342.6714413
794,a4a1103047,anoop singh,794,129763,0,1,1,0,1550441621.6714413
795,a4a1107647,dal chand,795,71507,0,1,1,0,1551656044.6714413
796,a4a110bc47,pushpendra singh rathore,796,22575,1,0,1,0,1543607071.6714413
797,a4a1110c47,harpal singh,797,73749,0,1,0,1,1548208355.6714413
798,a4a1115247,khimanand,798,43147,1,0,1,0,1549688459.6714413
799,a4a1119847,manoj  kumar age-24 & satesh  kumar age 18,799,84331,0,1,0,1,1552159019.6714413
800,a4a111de47,akshit,800,149673,0,1,0,1,1548867322.6714413
801,a4a1122447,chandan kumar,801,90191,0,1,1,0,1538634845.6714413
802,a4a1126a47,vinay,802,113504,0,1,1,0,1538263565.6714413
803,a4a112b047,pancham,803,62902,0,1,1,0,1550825619.6714413
804,a4a112f647,ritu raj,804,56796,0,1,1,0,1537538995.6714413
805,a4a1133c47,vinay kumar upadhayay,805,23025,0,1,1,0,1538147153.6714413
806,a4a1138247,shekher,806,20707,0,1,0,1,1543614177.6714413
807,a4a113c847,vinod,807,30927,0,1,1,0,1548132875.6714413
808,a4a1140e47,abhishek yadav,808,149251,1,0,1,0,1550286636.6714413
809,a4a1145447,abhishek yadav,809,75790,1,0,0,1,1539036427.6714413
810,a4a1149a47,manish khandelwal,810,100603,1,0,1,0,1540825692.6714413
811,a4a114e047,bir singh,811,67053,1,0,1,0,1538626191.6714413
812,a4a1152647,ram niwas,812,134869,1,0,1,0,1542495296.6714413
813,a4a1157647,rajkumar saini s/o madan lal saini,813,6663,1,0,1,0,1542836304.6714413
814,a4a115bc47,rakesh,814,146256,0,1,1,0,1538766068.6714413
815,a4a1160247,mohd sajim,815,101066,1,0,1,0,1537499280.6714413
816,a4a1164847,shankarlal s/o sukharam,816,30408,0,1,0,1,1537431792.6714413
817,a4a1168e47,rahul sharma,817,129339,1,0,1,0,1552549564.6714413
818,a4a116d447,neeraj kishore,818,50529,1,0,0,1,1547558582.6714413
819,a4a1171a47,ishwar,819,36704,0,1,1,0,1543901331.6714413
820,a4a1176047,bilal,820,20291,1,0,1,0,1547043483.6714413
821,a4a117a647,ravi parkash solanki,821,18986,1,0,0,1,1544261773.6714413
822,a4a117ec47,rohit kumar tiwari,822,4082,1,0,1,0,1548092470.6714413
823,a4a1183247,pramod,823,102574,0,1,1,0,1549186329.6714413
824,a4a1188247,manjeet kumar,824,104708,1,0,1,0,1541519305.6714413
825,a4a118c847,vimal kumar,825,134431,0,1,1,0,1538506048.6714413
826,a4a1190e47,vijay,826,41402,1,0,0,1,1547613649.6714413
827,a4a1195447,abbas mehndi,827,74236,0,1,1,0,1539589808.6714413
828,a4a1199a47,omprkash,828,77770,0,1,1,0,1550033788.6714413
829,a4a119e047,deepak rathore,829,14552,0,1,0,1,1539937954.6714413
830,a4a11a2647,masoom,830,16221,1,0,0,1,1539690406.6714413
831,a4a11a6c47,deepak kamat,831,57066,1,0,0,1,1538569002.6714413
832,a4a11ab247,ajay @ ajju,832,77391,1,0,0,1,1540738178.6714413
833,a4a11af847,abhishek,833,5203,0,1,1,0,1547478351.6714413
834,a4a11b3e47,toquir ali,834,111330,0,1,1,0,1542991293.6714413
835,a4a11b8e47,shyam sundra,835,46400,0,1,1,0,1547821518.6714413
836,a4a11bd447,ankit,836,17263,1,0,1,0,1537887198.6714413
837,a4a11c1a47,sarthak dadwal,837,137192,0,1,0,1,1541343202.6714413
838,a4a11c6047,armaan @ suvalin,838,111495,0,1,0,1,1546252044.6714413
839,a4a11ca647,kunal kishore,839,127555,1,0,1,0,1539743389.6714413
840,a4a11cec47,nabav shekh,840,119523,1,0,1,0,1546033668.6714413
841,a4a11d3247,kasim ansari,841,53041,1,0,0,1,1549946287.6714413
842,a4a11d8247,nitin parkash,842,79027,1,0,0,1,1541999498.6714413
843,a4a11dc847,deepak,843,31289,0,1,1,0,1548423884.6714413
844,a4a11e0e47,subin sugathan,844,43624,1,0,1,0,1547466660.6714413
845,a4a11e5e47,mayur agarwal,845,7585,1,0,1,0,1539941677.6714413
846,a4a11eae47,madan lal,846,17849,1,0,1,0,1549564272.6714413
847,a4a11efe47,vinay kumar,847,63396,1,0,1,0,1551294108.6714413
848,a4a11f4447,ghansyam soni,848,61435,0,1,0,1,1540861575.6714413
849,a4a11f8a47,ram dutt,849,105735,0,1,1,0,1546525143.6714413
850,a4a11fd047,sanjeev sharma,850,137011,0,1,0,1,1549804284.6714413
851,a4a1201647,devender singh,851,105568,0,1,0,1,1542954826.6714413
852,a4a1206647,asharam,852,45283,0,1,1,0,1545854574.6714413
853,a4a120ac47,son pal@ sonu kumar,853,107285,0,1,1,0,1549361572.6714413
854,a4a120fc47,badri prsad mishra,854,142140,1,0,1,0,1539681103.6714413
855,a4a1214247,azad ali,855,18037,1,0,1,0,1544497318.6714413
856,a4a1219247,jorj vargees,856,1719,0,1,0,1,1546066723.6714413
857,a4a121d847,naresh adhikari,857,65124,0,1,1,0,1545368608.6714413
858,a4a1221e47,deepu,858,146706,1,0,0,1,1546938887.6714413
859,a4a1226447,pawan singh,859,101934,1,0,0,1,1543471634.6714413
860,a4a122aa47,aashik,860,29124,1,0,1,0,1543353105.6714413
861,a4a122f047,amit kumar verma,861,85091,1,0,0,1,1543351876.6714413
862,a4a1233647,subham @ vikash,862,49712,1,0,1,0,1539963215.6714413
863,a4a1238647,sugodh kumar,863,99773,1,0,1,0,1550512439.6714413
864,a4a123cc47,ashok,864,47951,1,0,1,0,1550062334.6714413
865,a4a1241247,satish,865,15930,0,1,1,0,1547558559.6714413
866,a4a1245847,sanjeev,866,119335,0,1,1,0,1541567010.6714413
867,a4a1249e47,munender singh,867,40355,1,0,0,1,1542871266.6714413
868,a4a124e447,krishan kumar,868,37338,1,0,1,0,1542783511.6714413
869,a4a1253447,suraj,869,85278,1,0,1,0,1541428808.6714413
870,a4a1257a47,ashutosh @ deepak,870,90888,1,0,0,1,1538149179.6714413
871,a4a125c047,rajkumar,871,24837,0,1,1,0,1552169820.6714413
872,a4a1260647,saddam hussain,872,46402,0,1,1,0,1539393590.6714413
873,a4a1265647,harender,873,74790,0,1,1,0,1546198517.6714413
874,a4a1269c47,jay kumar,874,140056,0,1,0,1,1547030571.6714413
875,a4a126e247,mohd imran @ munna,875,41824,1,0,1,0,1548283197.6714413
876,a4a1273247,amit,876,68507,0,1,1,0,1550979607.6714413
877,a4a1277847,shyam sunder,877,74142,0,1,0,1,1541595389.6714413
878,a4a127be47,parmod,878,29042,1,0,1,0,1552108899.6714413
879,a4a1280447,mangat singh,879,100399,1,0,1,0,1543482423.6714413
880,a4a1284a47,sanjeev,880,121860,0,1,0,1,1547587001.6714413
881,a4a1289047,aryan prateek,881,14900,0,1,1,0,1551186545.6714413
882,a4a128d647,rahul chauhan,882,115555,1,0,0,1,1549104814.6714413
883,a4a1292647,savan,883,35731,1,0,1,0,1540516643.6714413
884,a4a1296c47,mohd siwam,884,135242,1,0,1,0,1550353737.6714413
885,a4a129b247,aarif,885,121186,0,1,1,0,1548756563.6714413
886,a4a129f847,rajender kumar,886,85459,0,1,1,0,1547511814.6714413
887,a4a12a3e47,dinesh,887,8868,1,0,1,0,1544868625.6714413
888,a4a12a8447,manish @ mukesh,888,12362,0,1,1,0,1540036127.6714413
889,a4a12aca47,ramesh singh negi,889,106276,1,0,1,0,1547769622.6714413
890,a4a12b1a47,patik@monu,890,62685,0,1,1,0,1552051531.6714413
891,a4a12b6047,nand kishor,891,16268,0,1,0,1,1545286024.6714413
892,a4a12ba647,rajeev luka,892,56441,0,1,1,0,1548109201.6714413
893,a4a12bec47,sarad raghuvansi,893,118100,1,0,0,1,1544579892.6714413
894,a4a12c3247,ram prakash,894,13305,0,1,1,0,1541242305.6714413
895,a4a12c7847,sh pratap singh,895,100206,1,0,1,0,1551808685.6714413
896,a4a12cc847,liyakat ali,896,111795,0,1,1,0,1542863650.6714413
897,a4a12d0e47,vicky,897,47674,1,0,0,1,1542234350.6714413
898,a4a12d5447,bodh raj @kala,898,82790,1,0,1,0,1544999070.6714413
899,a4a12d9a47,pankaj ratori,899,29065,0,1,1,0,1548986150.6714413
900,a4a12de047,leela dhar narang,900,72481,1,0,1,0,1544450130.6714413
901,a4a12e2647,devender,901,3417,1,0,1,0,1546101545.6714413
902,a4a12e6c47,chanchal,902,84580,1,0,1,0,1551264099.6714413
903,a4a12eb247,abdul rehman,903,89334,0,1,1,0,1541454302.6714413
904,a4a12ef847,shamshad,904,7932,0,1,1,0,1541387106.6714413
905,a4a12f4847,bittu paswan,905,7109,1,0,0,1,1542687143.6714413
906,a4a12f8e47,shashank sharma,906,47538,1,0,1,0,1544139431.6714413
907,a4a12fd447,hare chatiyan,907,112828,0,1,1,0,1539680182.6714413
908,a4a1302447,deepak,908,97396,0,1,1,0,1551845385.6714413
909,a4a1306a47,vipulander,909,16394,0,1,1,0,1546791800.6714413
910,a4a130ba47,yogesh,910,24759,0,1,1,0,1539330877.6714413
911,a4a1310047,abdul rahman,911,59807,0,1,1,0,1544658267.6714413
912,a4a1314647,raju,912,145992,0,1,1,0,1550374195.6714413
913,a4a1318c47,khuma ram,913,122135,0,1,1,0,1546821027.6714413
914,a4a131d247,naresh chand @ pappu,914,2846,1,0,0,1,1545261447.6714413
915,a4a1321847,saurabh,915,124973,0,1,1,0,1538200922.6714413
916,a4a1325e47,komal / kabila,916,74575,1,0,0,1,1552275069.6714413
917,a4a132a447,vikash @ mungeri,917,113271,0,1,1,0,1547990729.6714413
918,a4a132ea47,deepak kumar mishra,918,25458,1,0,0,1,1551329144.6714413
919,a4a1333a47,piyush,919,18852,0,1,1,0,1540358460.6714413
920,a4a1338047,lakhan,920,69912,1,0,1,0,1545155150.6714413
921,a4a133c647,nadim,921,127341,0,1,1,0,1544184216.6714413
922,a4a1340c47,sahdab,922,40909,0,1,1,0,1540270152.6714413
923,a4a1345247,deepak,923,5855,1,0,1,0,1538234404.6714413
924,a4a1349847,tufel,924,142537,1,0,1,0,1542379719.6714413
925,a4a134de47,tekchand,925,57956,0,1,1,0,1543317884.6714413
926,a4a1352447,ravi kumar,926,114992,1,0,0,1,1537465830.6714413
927,a4a1356a47,bobby,927,58343,1,0,1,0,1550899395.6714413
928,a4a135b047,pankaj,928,14214,1,0,1,0,1552146007.6714413
929,a4a135f647,amit kumar,929,46808,1,0,1,0,1542085974.6714413
930,a4a1364647,tejvir,930,115655,1,0,0,1,1551495281.6714413
931,a4a1368c47,sachin kumar,931,38181,0,1,1,0,1547785288.6714413
932,a4a136d247,dilip,932,72919,0,1,0,1,1538918104.6714413
933,a4a1371847,ravi shankar,933,95538,0,1,0,1,1548003899.6714413
934,a4a1375e47,deepak,934,149166,1,0,1,0,1544561596.6714413
935,a4a137a447,subodh,935,113140,0,1,1,0,1545287895.6714413
936,a4a137ea47,pramood,936,125829,0,1,1,0,1543643455.6714413
937,a4a1383047,dev,937,62104,1,0,1,0,1538705044.6714413
938,a4a1388047,devender,938,109995,0,1,1,0,1552256922.6714413
939,a4a138c647,suresh@tinku,939,120650,0,1,0,1,1541127559.6714413
940,a4a1390c47,shri kant,940,53611,0,1,1,0,1537678101.6714413
941,a4a1395247,om parkash,941,20885,0,1,1,0,1551157040.6714413
942,a4a1399847,muntiyaj,942,97320,1,0,0,1,1550536095.6714413
943,a4a139de47,raja kumar,943,6267,0,1,1,0,1548408962.6714413
944,a4a13a2447,chetan pandey,944,6711,1,0,0,1,1539722923.6714413
945,a4a13a6a47,lilu,945,57243,1,0,1,0,1551932850.6714413
946,a4a13aba47,surjeet,946,51068,1,0,1,0,1549266604.6714413
947,a4a13b0047,dev,947,101342,0,1,1,0,1544097497.6714413
948,a4a13b4647,raju,948,32163,0,1,1,0,1550345769.6714413
949,a4a13b8c47,sunder lal,949,105902,0,1,1,0,1550251774.6714413
950,a4a13bd247,aman bhatt,950,94177,1,0,1,0,1550636055.6714413
951,a4a13c1847,ratikant maghi,951,20686,0,1,1,0,1551425153.6714413
952,a4a13c5e47,anil kumar,952,54992,0,1,1,0,1548095823.6714413
953,a4a13ca447,deva,953,116100,1,0,0,1,1545352874.6714413
954,a4a13cf447,firoz,954,39930,1,0,1,0,1545725692.6714413
955,a4a13d3a47,rahul,955,70324,1,0,0,1,1539953666.6714413
956,a4a13d8047,dr. hema hari pago,956,137627,0,1,1,0,1543904478.6714413
957,a4a13dc647,raghuveer,957,105526,1,0,1,0,1546148299.6714413
958,a4a13e0c47,dheeraj,958,45759,0,1,1,0,1547672037.6714413
959,a4a13e5247,sardar sarbjeet singh,959,105372,1,0,0,1,1537778131.6714413
960,a4a13e9847,raman sharma,960,124007,1,0,0,1,1544730776.6714413
961,a4a13ede47,lalit rastogi,961,55795,0,1,0,1,1542069489.6714413
962,a4a13f2447,sita ram,962,146274,1,0,1,0,1539953655.6714413
963,a4a13f6a47,dharmbir singh,963,126972,1,0,0,1,1543464525.6714413
964,a4a13fb047,krishan,964,81753,1,0,1,0,1551695942.6714413
965,a4a13ff647,ritik,965,55568,1,0,0,1,1551172878.6714413
966,a4a1403c47,ketan,966,87579,1,0,0,1,1544816497.6714413
967,a4a1408247,angreg singh,967,134404,1,0,1,0,1539500073.6714413
968,a4a140c847,dinesh,968,91508,0,1,1,0,1543218425.6714413
969,a4a1410e47,sitaram bairwa,969,20845,1,0,0,1,1550847151.6714413
970,a4a1415e47,rampati,970,40729,1,0,1,0,1551355145.6714413
971,a4a1419a47,rahul,971,96264,1,0,1,0,1539100721.6714413
972,a4a141ea47,karan bajaj,972,69472,1,0,1,0,1552618466.6714413
973,a4a1423047,abhishek,973,149452,0,1,1,0,1549154890.6714413
974,a4a1427647,ramsurat,974,110893,1,0,1,0,1547206490.6714413
975,a4a142bc47,jitendra kumar,975,42496,1,0,1,0,1544891008.6714413
976,a4a1430247,sanjeev,976,1964,0,1,0,1,1544093206.6714413
977,a4a1434847,lalit kumar,977,47909,1,0,1,0,1537478839.6714413
978,a4a1439847,jockyipai,978,99682,1,0,1,0,1547209298.6714413
979,a4a143de47,aslam ali,979,278,1,0,1,0,1538263301.6714413
980,a4a1442447,suraj kumar,980,57935,1,0,1,0,1538242019.6714413
981,a4a1446a47,jitender,981,62731,1,0,0,1,1543806086.6714413
982,a4a144b047,murli dhar,982,71151,1,0,0,1,1543645696.6714413
983,a4a1450047,rehman khan,983,143781,1,0,0,1,1544557477.6714413
984,a4a1454647,gurdarshan singh,984,126550,0,1,0,1,1542957479.6714413
985,a4a1458c47,ramsem,985,145376,1,0,1,0,1549467178.6714413
986,a4a145d247,shahrukh,986,47890,0,1,1,0,1539131755.6714413
987,a4a1461847,krishan gopal,987,91594,0,1,1,0,1539555079.6714413
988,a4a1465e47,aakash,988,31301,1,0,1,0,1542964007.6714413
989,a4a146a447,pardeep kumar,989,17856,1,0,1,0,1538115786.6714413
990,a4a146ea47,atul kumar,990,2945,0,1,1,0,1539051459.6714413
991,a4a1474447,laxman,991,146877,1,0,1,0,1549735824.6714413
992,a4a1479447,shanwaz anwar,992,81317,0,1,0,1,1545319250.6714413
993,a4a147da47,samsuddin,993,15951,1,0,1,0,1543419473.6714413
994,a4a1482047,jyoti prakash,994,123391,0,1,0,1,1543217760.6714413
995,a4a1486647,ankit,995,19443,1,0,1,0,1541133024.6714413
996,a4a148ac47,sagar,996,6950,0,1,0,1,1552483583.6714413
997,a4a148f247,sourav @ sumit,997,118249,0,1,1,0,1547910337.6714413
998,a4a1493847,chain singh @ ravi,998,16034,1,0,1,0,1545716350.6714413
999,a4a1497e47,ravi @ rinkku,999,149435,1,0,1,0,1541471772.6714413